0,1,2,3,4,5,6,7,permutation index
0.0,0.0,0.0,-0.0001666666666666483,0.0006666666666667043,0.0015000000000000568,0.0,0.0013333333333334085,19972
0.0,-0.000500000000000056,0.0001666666666666483,0.0004999999999999449,0.0004999999999999449,0.0020000000000000018,0.0,0.0016666666666667052,4478
0.0,-0.0016666666666667052,-0.0020000000000000018,-0.0025000000000000577,0.0006666666666667043,0.0,-0.0001666666666666483,-0.0006666666666667043,19898
-0.0001666666666666483,0.0004999999999999449,0.0,-0.0001666666666666483,0.0004999999999999449,0.0013333333333332975,0.0001666666666666483,0.0016666666666665941,18863
0.0,0.0013333333333332975,0.0001666666666666483,0.0014999999999999458,0.0006666666666665932,0.0028333333333333544,0.0004999999999999449,0.0016666666666665941,6752
0.0006666666666667043,0.00016666666666675933,0.00016666666666675933,0.0,0.000500000000000056,0.0025000000000000577,0.0010000000000000009,0.0020000000000000018,21677
0.0,-0.0008333333333333526,0.0,0.0,0.0006666666666667043,0.0008333333333333526,0.0,0.000500000000000056,9567
0.0,0.0,0.0,-0.0001666666666666483,0.0006666666666667043,0.0016666666666667052,0.0001666666666666483,0.0011666666666666492,17638
0.0,-0.0001666666666666483,0.0,0.0,-0.0001666666666666483,0.0006666666666667043,-0.0003333333333332966,0.0018333333333333535,9156
0.0,-0.0015000000000000568,-0.0018333333333333535,-0.00216666666666665,0.0003333333333332966,0.0,-0.0020000000000000018,-0.0006666666666667043,22565
0.0,-0.00016666666666675933,0.0,0.0008333333333332416,0.0006666666666665932,0.0014999999999999458,0.0011666666666666492,0.0018333333333332424,29172
0.0,0.0,0.0,-0.0006666666666667043,0.000500000000000056,0.0010000000000000009,0.000500000000000056,0.0015000000000000568,11550
0.0,0.0,0.00016666666666675933,0.0,0.000500000000000056,0.0013333333333334085,0.0,0.0011666666666667602,15756
0.0,0.0003333333333332966,0.0003333333333332966,0.0004999999999999449,0.0006666666666665932,0.0018333333333333535,0.0,0.0018333333333333535,16741
0.0008333333333332416,-0.00033333333333340764,0.0003333333333332966,0.0,0.0004999999999999449,0.00216666666666665,0.0008333333333332416,0.0018333333333332424,10918
0.0,-0.0001666666666666483,0.0,0.0003333333333332966,0.0006666666666667043,0.0010000000000000009,0.0,0.0015000000000000568,8211
-0.0018333333333333535,-0.0011666666666667602,-0.0016666666666667052,-0.0011666666666667602,0.0004999999999999449,0.0,0.0,-0.0011666666666667602,10821
0.000500000000000056,0.0008333333333333526,-0.0013333333333332975,-0.0020000000000000018,0.000500000000000056,0.0,0.00033333333333340764,-0.0003333333333332966,19506
0.0,0.0004999999999999449,0.0,0.0014999999999999458,0.0006666666666667043,0.002666666666666706,0.0003333333333332966,0.0018333333333333535,8797
0.0,0.0,0.0001666666666666483,-0.0006666666666665932,0.000500000000000056,0.0013333333333334085,-0.0003333333333332966,0.0011666666666666492,18761
0.0,0.0,0.0,0.0001666666666666483,0.0006666666666667043,0.0016666666666667052,0.0003333333333332966,0.0013333333333332975,19192
0.0,-0.0008333333333333526,0.0,0.0,0.0006666666666667043,0.0008333333333333526,0.0,0.0003333333333332966,27285
0.0,0.0003333333333332966,0.0003333333333332966,0.0,0.0006666666666665932,0.0011666666666666492,0.0,0.0008333333333333526,11264
0.0,0.0004999999999999449,0.0003333333333332966,-0.00033333333333340764,0.0006666666666665932,0.0018333333333333535,0.0,0.0013333333333332975,19014
0.0,0.0,0.0001666666666666483,-0.0004999999999999449,0.000500000000000056,0.0008333333333333526,0.00033333333333340764,0.0011666666666666492,926
-0.0020000000000000018,0.0008333333333333526,-0.0016666666666665941,-0.0018333333333333535,0.000500000000000056,0.0,-0.0013333333333332975,0.0001666666666666483,37551
0.000500000000000056,0.0010000000000000009,-0.0014999999999999458,-0.0018333333333333535,0.000500000000000056,0.0,0.000500000000000056,-0.0004999999999999449,30524
0.0,0.0001666666666666483,0.0,0.00033333333333340764,0.0006666666666667043,0.002666666666666706,0.0008333333333333526,0.0020000000000000018,36340
0.0,0.0003333333333332966,0.0003333333333332966,0.0004999999999999449,0.0006666666666665932,0.0018333333333333535,0.0,0.0018333333333333535,6160
0.0,-0.0001666666666666483,0.0,0.0,-0.0001666666666666483,0.0006666666666667043,-0.0003333333333332966,0.0018333333333333535,28275
0.0001666666666666483,-0.0011666666666667602,-0.0016666666666667052,-0.0020000000000000018,0.0004999999999999449,0.0,0.0,-0.000500000000000056,15845
0.0,-0.00016666666666675933,0.0,0.0008333333333332416,0.0006666666666665932,0.0020000000000000018,0.0011666666666666492,0.0018333333333332424,29088
0.0,0.0,0.00016666666666675933,0.0,0.0006666666666667043,0.0015000000000000568,0.0,0.0011666666666667602,12578
0.0,-0.000500000000000056,0.0,0.0011666666666666492,0.0006666666666667043,0.0020000000000000018,0.0,0.0004999999999999449,7424
0.0,0.0004999999999999449,0.0001666666666666483,0.0008333333333333526,0.0004999999999999449,0.00216666666666665,0.0003333333333332966,0.0018333333333333535,20238
0.0,0.0,0.0,0.0008333333333333526,0.0006666666666667043,0.0023333333333334094,0.000500000000000056,0.0020000000000000018,35014
0.0,-0.0001666666666666483,0.0,0.0,0.0006666666666667043,0.0010000000000000009,0.0006666666666667043,0.0018333333333333535,27125
0.0006666666666665932,0.0,0.0001666666666666483,0.0,0.0004999999999999449,0.0016666666666665941,0.0008333333333332416,0.0014999999999999458,14417
0.0,-0.00016666666666675933,0.0,0.0008333333333332416,0.0006666666666665932,0.0020000000000000018,0.0004999999999999449,0.0018333333333332424,29070
0.0006666666666665932,0.0,0.0001666666666666483,0.0,0.0004999999999999449,0.00216666666666665,0.0004999999999999449,0.0018333333333332424,10625
0.0,0.0,0.0001666666666666483,0.0,0.0006666666666667043,0.0010000000000000009,0.0010000000000000009,0.00216666666666665,24835
0.0004999999999999449,0.0,0.0,0.0,0.0004999999999999449,0.0018333333333333535,0.0008333333333333526,0.0018333333333333535,20567
0.0,-0.0016666666666667052,-0.0020000000000000018,-0.0025000000000000577,0.0006666666666667043,0.0,-0.0020000000000000018,-0.0008333333333333526,20070
0.0,0.0,0.0,0.0010000000000000009,0.0006666666666667043,0.0018333333333333535,0.0006666666666667043,0.0016666666666667052,18684
0.0,0.0,0.0,0.0008333333333333526,0.0006666666666667043,0.0023333333333334094,0.0013333333333334085,0.0020000000000000018,32944
0.0,-0.00016666666666675933,0.0,0.0008333333333332416,0.0006666666666665932,0.0014999999999999458,0.0011666666666666492,0.0018333333333332424,34204
0.000500000000000056,0.0010000000000000009,-0.0014999999999999458,-0.0018333333333333535,0.000500000000000056,0.0,0.000500000000000056,-0.0004999999999999449,1244
0.0,-0.0001666666666666483,0.0,0.0,-0.0001666666666666483,0.0006666666666667043,-0.0006666666666665932,0.0018333333333333535,14186
-0.0003333333333332966,-0.0001666666666666483,0.0,0.0,0.0004999999999999449,0.0011666666666666492,0.0,0.0016666666666667052,4091
0.0008333333333333526,0.0,0.00033333333333340764,0.0,0.000500000000000056,0.0020000000000000018,0.0011666666666666492,0.00216666666666665,14423
0.0,-0.0008333333333333526,0.0,0.0,0.0006666666666667043,0.0008333333333333526,0.0,0.000500000000000056,26376
0.0004999999999999449,0.0001666666666666483,0.0,0.0,0.0004999999999999449,0.0023333333333332984,0.0010000000000000009,0.0020000000000000018,4220
0.0006666666666667043,0.0,0.00016666666666675933,0.0,0.000500000000000056,0.0020000000000000018,0.0010000000000000009,0.0020000000000000018,39724
0.000500000000000056,0.0010000000000000009,-0.0013333333333332975,-0.0014999999999999458,0.000500000000000056,0.0,0.00033333333333340764,-0.0001666666666666483,5274
0.0,-0.0001666666666666483,0.0,0.0,0.0006666666666667043,0.0010000000000000009,0.0006666666666667043,0.0018333333333333535,28360
0.000500000000000056,0.0010000000000000009,-0.0020000000000000018,-0.0018333333333333535,0.000500000000000056,0.0,0.0006666666666667043,-0.0004999999999999449,13790
-0.0001666666666666483,0.0004999999999999449,0.0,0.0001666666666666483,0.0004999999999999449,0.0013333333333332975,0.0001666666666666483,0.0014999999999999458,15934
0.0006666666666667043,0.00016666666666675933,0.00016666666666675933,0.0,0.000500000000000056,0.0025000000000000577,0.0010000000000000009,0.0020000000000000018,3742
0.0004999999999999449,-0.0001666666666666483,0.0,0.0,0.0004999999999999449,0.0020000000000000018,0.0006666666666667043,0.0016666666666667052,2968
0.0,0.0,0.0,0.0,0.0006666666666667043,0.0016666666666667052,0.0001666666666666483,0.0011666666666666492,20133
0.0003333333333332966,0.0,0.0,0.0003333333333332966,0.0004999999999999449,0.0014999999999999458,0.0010000000000000009,0.0010000000000000009,3134
0.0,0.0,0.0,0.0,-0.0001666666666666483,0.0010000000000000009,0.000500000000000056,0.0020000000000000018,28887
0.0006666666666665932,0.0,0.0001666666666666483,0.0,0.0004999999999999449,0.0016666666666665941,0.0008333333333332416,0.0014999999999999458,38416
0.0,0.0004999999999999449,0.0001666666666666483,-0.0003333333333332966,0.0006666666666667043,0.0020000000000000018,0.0,0.0016666666666667052,12147
0.0,0.0003333333333332966,0.0003333333333332966,0.0,0.0006666666666665932,0.0011666666666666492,0.0,0.0008333333333333526,13585
0.0004999999999999449,0.0,0.0,0.0,0.0004999999999999449,0.0016666666666665941,0.0008333333333333526,0.0018333333333333535,30760
0.0,0.0,0.0001666666666666483,-0.0010000000000000009,0.0006666666666667043,0.0016666666666667052,0.0001666666666666483,0.0011666666666666492,21863
0.0,0.0004999999999999449,0.0,0.0003333333333332966,0.0006666666666667043,0.0020000000000000018,0.0,0.0016666666666667052,19650
0.000500000000000056,0.0011666666666666492,-0.0013333333333332975,-0.0013333333333332975,0.000500000000000056,0.0,0.000500000000000056,-0.0003333333333332966,319
0.0,0.0,0.0,0.0001666666666666483,0.0006666666666667043,0.0016666666666667052,0.0006666666666667043,0.0016666666666667052,25475
0.0,0.0,0.0,0.0,0.0006666666666667043,0.0010000000000000009,0.0008333333333333526,0.0011666666666666492,33950
0.0,-0.0016666666666667052,-0.0020000000000000018,-0.0018333333333333535,0.0006666666666667043,0.0,-0.0020000000000000018,-0.0008333333333333526,19911
0.0,-0.0001666666666666483,0.0,0.0,0.0006666666666667043,0.0015000000000000568,0.0006666666666667043,0.0010000000000000009,34070
0.0,0.0,0.0,0.0003333333333332966,0.0006666666666667043,0.0018333333333333535,0.0008333333333333526,0.0018333333333333535,18579
0.0,0.0,0.0001666666666666483,0.0,0.0006666666666667043,0.0016666666666667052,0.0010000000000000009,0.00216666666666665,39959
0.0004999999999999449,-0.0001666666666666483,0.0,0.0,0.0004999999999999449,0.0020000000000000018,0.0006666666666667043,0.0016666666666667052,20221
0.0,0.0,0.0,0.0,0.0006666666666667043,0.0015000000000000568,0.0008333333333333526,0.0015000000000000568,39455
-0.00016666666666675933,0.0,0.0,0.0001666666666666483,0.0004999999999999449,0.00216666666666665,0.0004999999999999449,0.0020000000000000018,2873
0.0,-0.0015000000000000568,-0.0018333333333333535,-0.00216666666666665,0.0006666666666665932,0.0,-0.0020000000000000018,-0.0006666666666667043,16061
0.0003333333333332966,0.0,0.0,0.0003333333333332966,0.0004999999999999449,0.0014999999999999458,0.0010000000000000009,0.0010000000000000009,3158
0.0,0.0,0.0,0.0004999999999999449,0.0006666666666667043,0.0016666666666667052,0.0008333333333333526,0.0018333333333333535,18152
0.0,0.0,0.0,-0.0006666666666667043,0.000500000000000056,0.0010000000000000009,0.000500000000000056,0.0015000000000000568,1710
0.0,-0.0025000000000000577,-0.002666666666666706,-0.0016666666666667052,0.0006666666666665932,0.0,-0.0020000000000000018,-0.0010000000000000009,39897
0.0,-0.0015000000000000568,-0.0025000000000000577,-0.0023333333333332984,0.0004999999999999449,0.0,0.0,-0.0008333333333333526,9721
0.0,0.0,0.0,0.0,0.0006666666666667043,0.0008333333333333526,0.0008333333333333526,0.0011666666666666492,29859
0.0006666666666665932,-0.0001666666666666483,0.0001666666666666483,0.0,0.0004999999999999449,0.00216666666666665,0.0006666666666665932,0.0016666666666665941,2177
0.0,0.0004999999999999449,0.0001666666666666483,0.0,0.0004999999999999449,0.0013333333333332975,-0.000500000000000056,0.0013333333333332975,5316
0.0,0.0006666666666665932,0.0003333333333332966,0.0001666666666666483,0.0006666666666665932,0.0020000000000000018,-0.00033333333333340764,0.0014999999999999458,21156
0.0,0.0,0.0,0.0,0.0006666666666667043,0.0008333333333333526,0.0008333333333333526,0.0020000000000000018,29875
0.0004999999999999449,-0.0001666666666666483,0.0,0.0,0.0004999999999999449,0.0011666666666666492,0.0006666666666667043,0.0016666666666667052,4032
0.0,-0.0025000000000000577,-0.0025000000000000577,-0.00216666666666665,0.0004999999999999449,0.0,0.0001666666666666483,-0.0011666666666666492,10170
0.0,0.0004999999999999449,0.0,0.0011666666666666492,0.0006666666666667043,0.002666666666666706,0.0008333333333333526,0.0018333333333333535,14096
0.0,0.0,0.0,0.0008333333333333526,0.0006666666666667043,0.0023333333333334094,0.0013333333333334085,0.0020000000000000018,34147
0.0,-0.0013333333333334085,-0.0025000000000000577,-0.0025000000000000577,0.0004999999999999449,0.0,0.0,-0.0006666666666667043,24529
0.0,-0.0008333333333333526,0.0,0.0,0.0006666666666667043,0.0003333333333332966,0.0,0.0003333333333332966,9936
0.0,0.0003333333333332966,0.0003333333333332966,0.0,0.0006666666666665932,0.0011666666666666492,0.0,0.0011666666666666492,12707
0.000500000000000056,0.0011666666666666492,-0.0013333333333332975,-0.0013333333333332975,0.000500000000000056,0.0,0.000500000000000056,-0.0003333333333332966,8932
0.0,0.0006666666666667043,0.0001666666666666483,0.0008333333333333526,0.0006666666666667043,0.0020000000000000018,0.0,0.0016666666666667052,11947
0.0004999999999999449,-0.0001666666666666483,0.0,0.0,0.0004999999999999449,0.0020000000000000018,0.0006666666666667043,0.0016666666666667052,3397
0.0004999999999999449,-0.0008333333333333526,0.0,0.0,0.0004999999999999449,0.0013333333333332975,0.0,0.0010000000000000009,5516
0.0004999999999999449,0.0,0.0,0.0,0.0004999999999999449,0.0020000000000000018,0.0008333333333333526,0.0018333333333333535,3591
0.0,-0.0025000000000000577,-0.0025000000000000577,-0.0025000000000000577,0.0004999999999999449,0.0,0.0001666666666666483,-0.0011666666666666492,2668
0.0,0.0,0.0,0.0004999999999999449,0.0006666666666667043,0.0011666666666666492,0.0008333333333333526,0.0018333333333333535,17653
0.0,0.0,0.0,0.0004999999999999449,0.0006666666666667043,0.0011666666666666492,0.0008333333333333526,0.0018333333333333535,23402
0.0004999999999999449,0.0,0.0,0.0,0.0004999999999999449,0.0014999999999999458,0.0008333333333333526,0.0018333333333333535,35999
0.0,0.0,0.0,0.0,0.0006666666666667043,0.0015000000000000568,-0.0003333333333332966,0.0011666666666666492,12065
0.0,0.0006666666666667043,0.0001666666666666483,0.0008333333333333526,0.0006666666666667043,0.0020000000000000018,0.0,0.0016666666666667052,17019
0.000500000000000056,0.0008333333333333526,-0.0020000000000000018,-0.0018333333333333535,0.000500000000000056,0.0,0.000500000000000056,-0.0004999999999999449,35744
0.0,-0.0008333333333333526,0.0,0.0,0.0006666666666667043,0.0010000000000000009,0.0,0.000500000000000056,26659
0.0,0.0,0.0,0.0008333333333333526,0.0006666666666667043,0.0023333333333334094,0.000500000000000056,0.0020000000000000018,14351
0.0,0.0008333333333333526,0.0003333333333332966,0.0010000000000000009,0.0006666666666665932,0.0018333333333333535,0.0,0.0018333333333333535,13081
0.0006666666666667043,-0.0008333333333332416,0.00016666666666675933,0.0,0.000500000000000056,0.0008333333333333526,0.0,0.0006666666666667043,9723
0.0,-0.0001666666666666483,0.0,0.0,-0.0001666666666666483,0.0006666666666667043,-0.0003333333333332966,0.0018333333333333535,25635
0.0,0.0004999999999999449,0.0,0.0006666666666665932,0.0006666666666665932,0.0020000000000000018,0.0,0.0013333333333332975,7198
0.0006666666666667043,0.00016666666666675933,0.00016666666666675933,0.0,0.000500000000000056,0.0020000000000000018,0.0010000000000000009,0.0020000000000000018,30261
0.0,-0.0008333333333333526,0.0,0.0,0.0006666666666667043,0.0008333333333333526,0.0,0.000500000000000056,9903
0.0,0.0006666666666665932,0.0001666666666666483,0.0006666666666665932,0.0006666666666665932,0.0020000000000000018,0.0,0.0018333333333333535,12522
0.0,-0.000500000000000056,0.0,0.0011666666666666492,0.0006666666666667043,0.0020000000000000018,0.0,0.0008333333333333526,7865
0.000500000000000056,0.0010000000000000009,-0.0020000000000000018,-0.0018333333333333535,0.000500000000000056,0.0,0.0006666666666667043,-0.0004999999999999449,31782
0.0,0.0003333333333332966,0.0,0.0010000000000000009,0.0006666666666667043,0.002666666666666706,0.0006666666666667043,0.0016666666666667052,34964
0.0001666666666666483,0.0014999999999999458,0.0004999999999999449,0.0008333333333332416,0.0004999999999999449,0.0024999999999999467,0.0006666666666665932,0.0018333333333332424,6720
-0.0001666666666666483,0.0,0.0,-0.0004999999999999449,0.000500000000000056,0.0011666666666666492,0.0006666666666667043,0.0016666666666667052,1871
0.0,0.0004999999999999449,0.0001666666666666483,0.0004999999999999449,0.0004999999999999449,0.00216666666666665,0.0008333333333333526,0.0018333333333333535,3888
0.0006666666666667043,-0.0008333333333332416,0.00016666666666675933,0.0,0.000500000000000056,0.0013333333333334085,0.0,0.0006666666666667043,10741
0.0,-0.000500000000000056,0.0,0.0003333333333332966,0.0006666666666667043,0.0020000000000000018,0.0,0.0008333333333333526,38345
0.0,0.0,0.0,0.0,0.0006666666666667043,0.0015000000000000568,0.0008333333333333526,0.0016666666666667052,37294
0.0004999999999999449,0.0001666666666666483,0.0,0.0,0.0004999999999999449,0.0014999999999999458,0.0010000000000000009,0.0020000000000000018,31335
0.0,-0.0001666666666666483,0.0,0.0,-0.0001666666666666483,0.0011666666666667602,0.00033333333333340764,0.0018333333333333535,23603
-0.0001666666666666483,0.0010000000000000009,0.0,0.0008333333333333526,0.000500000000000056,0.0020000000000000018,0.0006666666666667043,0.0018333333333333535,6531
0.0,0.0,0.0,-0.0008333333333333526,0.0006666666666667043,0.0016666666666667052,0.0001666666666666483,0.0011666666666666492,20093
-0.0001666666666666483,-0.0016666666666667052,-0.0028333333333333544,-0.0024999999999999467,0.000500000000000056,0.0,0.0,-0.0010000000000000009,5863
0.0006666666666667043,0.0003333333333332966,0.000500000000000056,0.0,0.000500000000000056,0.0020000000000000018,0.0,0.0010000000000000009,788
0.0,-0.0001666666666666483,0.0,0.0,-0.0001666666666666483,0.0006666666666667043,-0.0003333333333332966,0.0018333333333333535,33627
0.0006666666666667043,0.0003333333333332966,0.000500000000000056,0.0,0.000500000000000056,0.0016666666666667052,0.0,0.0010000000000000009,5075
-0.00016666666666675933,0.0,0.0,0.0001666666666666483,0.0004999999999999449,0.00216666666666665,0.0004999999999999449,0.0023333333333332984,24543
0.000500000000000056,0.0010000000000000009,-0.0014999999999999458,-0.0018333333333333535,0.000500000000000056,0.0,0.000500000000000056,-0.0004999999999999449,30394
0.0,0.0,0.0,-0.0004999999999999449,0.0006666666666667043,0.0016666666666667052,0.0003333333333332966,0.0013333333333332975,19405
0.0,-0.0025000000000000577,-0.002666666666666706,-0.0015000000000000568,0.0006666666666667043,0.0,-0.0020000000000000018,-0.0011666666666666492,6346
0.0,-0.0025000000000000577,-0.002666666666666706,-0.0025000000000000577,0.0006666666666665932,0.0,-0.0020000000000000018,-0.0006666666666667043,37748
0.0,0.0,0.0,0.0,0.0006666666666667043,0.0016666666666667052,0.0008333333333333526,0.0020000000000000018,29511
0.0,0.0,0.0,0.0008333333333333526,0.0006666666666667043,0.0023333333333334094,0.000500000000000056,0.0020000000000000018,38137
0.0008333333333333526,0.0,0.000500000000000056,0.0,0.000500000000000056,0.0023333333333334094,0.0011666666666666492,0.00216666666666665,2807
0.0,0.0,0.0,0.0006666666666667043,0.0006666666666667043,0.0013333333333334085,0.0,0.0013333333333334085,19874
0.0006666666666667043,0.00016666666666675933,0.00016666666666675933,0.0,0.000500000000000056,0.0025000000000000577,0.0010000000000000009,0.0020000000000000018,10669
0.0,0.0,0.00016666666666675933,0.00016666666666675933,0.0006666666666667043,0.0023333333333334094,0.000500000000000056,0.002166666666666761,37011
0.0,-0.0008333333333333526,0.0,0.0,0.0006666666666667043,0.0006666666666667043,0.0,0.0011666666666666492,27005
0.0,0.0,0.0,0.0008333333333333526,0.0006666666666667043,0.0023333333333334094,0.0013333333333334085,0.0020000000000000018,29224
0.0,0.0006666666666665932,0.0,0.0013333333333332975,0.0006666666666665932,0.0020000000000000018,0.0,0.0010000000000000009,7553
0.0,0.0001666666666666483,0.0,0.0,0.0006666666666667043,0.0018333333333333535,0.0010000000000000009,0.00216666666666665,33359
-0.0001666666666666483,0.0,0.0,-0.0004999999999999449,0.000500000000000056,0.0006666666666667043,0.000500000000000056,0.0011666666666667602,1997
0.0004999999999999449,-0.0001666666666666483,0.0,0.0,0.0004999999999999449,0.0014999999999999458,0.0006666666666667043,0.0016666666666667052,23839
0.0,0.0,0.0,0.0004999999999999449,0.0006666666666667043,0.0011666666666666492,0.0008333333333333526,0.0018333333333333535,18360
0.0,0.0,0.0,0.0003333333333332966,0.0006666666666667043,0.0018333333333333535,0.0008333333333333526,0.0018333333333333535,18574
-0.0006666666666667043,0.0004999999999999449,-0.000500000000000056,-0.0006666666666667043,0.0004999999999999449,0.0020000000000000018,0.0,0.0014999999999999458,4606
0.000500000000000056,0.0008333333333333526,-0.0020000000000000018,-0.0020000000000000018,0.000500000000000056,0.0,0.0006666666666667043,-0.0006666666666665932,32044
0.0,0.0,0.0,0.0,0.0006666666666667043,0.0010000000000000009,0.0008333333333333526,0.0011666666666666492,38984
0.0004999999999999449,-0.0001666666666666483,0.0,0.0,0.0004999999999999449,0.0011666666666666492,0.0006666666666667043,0.0016666666666667052,4116
-0.0001666666666666483,0.000500000000000056,0.0,0.000500000000000056,0.000500000000000056,0.0020000000000000018,0.0011666666666666492,0.0018333333333333535,32570
0.0,0.0001666666666666483,0.0,0.0008333333333333526,0.0006666666666667043,0.0023333333333334094,0.0008333333333333526,0.00216666666666665,31509
0.0,-0.0008333333333333526,0.0,0.0,0.0006666666666667043,0.0008333333333333526,0.0,0.000500000000000056,9924
0.0,-0.0008333333333333526,0.0,0.0,0.0006666666666667043,0.0008333333333333526,0.0,0.000500000000000056,6432
0.0,0.0,0.0,0.0008333333333333526,0.0006666666666667043,0.0018333333333333535,0.0013333333333334085,0.0020000000000000018,34210
0.0006666666666665932,-0.0001666666666666483,0.0001666666666666483,0.0,0.0004999999999999449,0.0013333333333332975,0.0003333333333332966,0.0016666666666665941,2364
0.000500000000000056,0.0010000000000000009,-0.0013333333333332975,-0.0018333333333333535,0.000500000000000056,0.0,0.000500000000000056,-0.0001666666666666483,15450
0.000500000000000056,0.0011666666666666492,-0.0014999999999999458,-0.0016666666666667052,0.000500000000000056,0.0,0.000500000000000056,-0.0003333333333332966,2695
0.0,-0.0023333333333334094,-0.002666666666666706,-0.0023333333333334094,0.0006666666666665932,0.0,-0.0020000000000000018,-0.0010000000000000009,32340
0.0,-0.0015000000000000568,-0.0018333333333333535,-0.0018333333333333535,0.0006666666666665932,0.0,0.0,-0.000500000000000056,10993
0.000500000000000056,0.0011666666666666492,-0.0013333333333332975,-0.0013333333333332975,0.000500000000000056,0.0,0.000500000000000056,0.0,1477
0.0008333333333332416,-0.00033333333333340764,0.0003333333333332966,0.0,0.0004999999999999449,0.00216666666666665,0.0008333333333332416,0.0018333333333332424,623
0.0,0.0001666666666666483,0.0,0.0,0.0006666666666667043,0.0011666666666666492,0.000500000000000056,0.0016666666666667052,12690
0.0,0.0,0.0,0.0008333333333333526,0.0006666666666667043,0.0023333333333334094,0.000500000000000056,0.0023333333333334094,38022
-0.0001666666666666483,0.0,0.0,-0.0004999999999999449,0.000500000000000056,0.0011666666666666492,0.0006666666666667043,0.0016666666666667052,17350
0.0,0.0,0.0,0.0,0.0006666666666667043,0.0011666666666666492,0.0008333333333333526,0.0020000000000000018,35164
0.0,0.0006666666666667043,0.0003333333333332966,0.0001666666666666483,0.0004999999999999449,0.0018333333333333535,0.0,0.0016666666666667052,10259
0.0,0.0,0.0,0.0001666666666666483,0.0006666666666667043,0.0013333333333332975,0.0006666666666667043,0.0016666666666667052,28151
0.0004999999999999449,-0.0008333333333333526,0.0,0.0,0.0004999999999999449,0.0013333333333332975,0.0,0.0010000000000000009,690
0.0006666666666667043,0.00016666666666675933,0.00016666666666675933,0.0,0.000500000000000056,0.0020000000000000018,0.0010000000000000009,0.0020000000000000018,34813
0.000500000000000056,0.0010000000000000009,-0.0014999999999999458,-0.0018333333333333535,0.000500000000000056,0.0,0.000500000000000056,-0.0004999999999999449,1042
0.0,-0.0015000000000000568,-0.0018333333333333535,-0.002166666666666761,0.0006666666666665932,0.0,0.0,-0.000500000000000056,18868
0.0,0.0001666666666666483,0.0,0.0,0.0006666666666667043,0.0018333333333333535,0.0010000000000000009,0.00216666666666665,32087
0.0004999999999999449,0.0,0.0,0.0,0.0004999999999999449,0.0014999999999999458,0.0008333333333333526,0.0018333333333333535,3449
0.0,0.0,0.0,0.0,0.0006666666666667043,0.0018333333333333535,0.0010000000000000009,0.00216666666666665,38819
0.0006666666666667043,-0.0008333333333332416,0.00016666666666675933,0.0,0.000500000000000056,0.0013333333333334085,0.0,0.0006666666666667043,5805
0.0,0.0003333333333332966,0.0003333333333332966,0.0,0.0006666666666665932,0.0013333333333332975,0.0,0.0008333333333333526,6130
0.0,-0.0001666666666666483,0.0,0.0,0.0006666666666667043,0.0010000000000000009,0.00033333333333340764,0.0010000000000000009,6330
0.0,-0.0016666666666667052,-0.0020000000000000018,-0.0025000000000000577,0.0006666666666667043,0.0,-0.0001666666666666483,-0.0006666666666667043,20042
0.0,0.0,0.0,0.0010000000000000009,0.0006666666666667043,0.0016666666666667052,0.0006666666666667043,0.0016666666666667052,26925
0.000500000000000056,0.0011666666666666492,-0.0013333333333332975,-0.0013333333333332975,0.000500000000000056,0.0,0.000500000000000056,0.0,11547
0.0,0.0,0.0,0.0008333333333333526,0.0006666666666667043,0.0023333333333334094,0.000500000000000056,0.0020000000000000018,13995
0.0001666666666666483,0.0006666666666665932,-0.0025000000000000577,-0.0020000000000000018,0.0004999999999999449,0.0,0.0003333333333332966,-0.0006666666666667043,20266
0.0,0.0008333333333333526,0.0003333333333332966,0.0010000000000000009,0.0006666666666665932,0.0020000000000000018,0.0,0.0018333333333333535,21991
0.0008333333333333526,0.0,0.000500000000000056,0.0,0.000500000000000056,0.0025000000000000577,0.0011666666666666492,0.00216666666666665,1438
-0.0001666666666666483,0.0,0.0,-0.0004999999999999449,0.000500000000000056,0.0011666666666666492,0.0006666666666667043,0.0016666666666667052,15551
0.0,-0.0025000000000000577,-0.002666666666666706,-0.0025000000000000577,0.0006666666666665932,0.0,-0.0020000000000000018,-0.0006666666666667043,14706
-0.0011666666666666492,0.0010000000000000009,-0.0010000000000000009,-0.0016666666666665941,0.000500000000000056,0.0,-0.0008333333333333526,0.0001666666666666483,20441
0.0,0.0,0.0,0.0,0.0006666666666667043,0.0015000000000000568,0.0008333333333333526,0.0013333333333334085,24805
0.0001666666666666483,-0.0011666666666667602,-0.0016666666666667052,-0.0020000000000000018,0.0004999999999999449,0.0,0.0,-0.000500000000000056,15862
0.0,-0.0016666666666667052,-0.0020000000000000018,-0.0023333333333334094,0.0006666666666665932,0.0,0.0,-0.000500000000000056,19182
0.0,-0.0015000000000000568,-0.0018333333333333535,-0.0018333333333333535,0.0006666666666665932,0.0,0.0,-0.000500000000000056,16753
-0.00016666666666675933,0.0,0.0,0.0001666666666666483,0.0004999999999999449,0.00216666666666665,0.0004999999999999449,0.0023333333333332984,38223
0.0,0.0003333333333332966,-0.000500000000000056,0.0,0.0006666666666665932,0.0010000000000000009,0.0,0.0011666666666666492,22078
0.0,0.0,0.0,-0.0003333333333332966,0.0006666666666667043,0.0018333333333333535,0.0004999999999999449,0.0014999999999999458,32740
0.0006666666666665932,-0.0001666666666666483,0.0001666666666666483,0.0,0.0004999999999999449,0.00216666666666665,0.0006666666666665932,0.0016666666666665941,20957
0.0,0.0,0.0001666666666666483,-0.0003333333333332966,0.0006666666666667043,0.0018333333333333535,0.0004999999999999449,0.0014999999999999458,13942
0.0006666666666667043,0.00016666666666675933,0.00016666666666675933,0.0,0.000500000000000056,0.0025000000000000577,0.0006666666666667043,0.0020000000000000018,3771
0.0,0.0008333333333333526,0.0003333333333332966,0.0010000000000000009,0.0006666666666665932,0.0018333333333333535,0.0,0.0018333333333333535,21961
-0.00216666666666665,-0.002666666666666706,-0.0020000000000000018,-0.0016666666666667052,0.000500000000000056,0.0,0.0,-0.0016666666666667052,978
-0.0006666666666667043,0.0004999999999999449,-0.000500000000000056,-0.0006666666666667043,0.0004999999999999449,0.0020000000000000018,0.0,0.0014999999999999458,4499
0.0,0.0,0.0,0.0,0.0006666666666667043,0.0015000000000000568,0.0008333333333333526,0.0015000000000000568,39337
0.0,-0.0008333333333333526,0.0,0.0,0.0006666666666667043,0.0008333333333333526,0.0,0.000500000000000056,30041
0.0,0.0,0.0,0.0008333333333333526,0.0006666666666667043,0.0023333333333334094,0.000500000000000056,0.0020000000000000018,14229
0.0,0.0004999999999999449,0.0001666666666666483,0.0004999999999999449,0.0004999999999999449,0.00216666666666665,0.0008333333333333526,0.0018333333333333535,30386
0.0004999999999999449,-0.0008333333333333526,0.0,0.0,0.0004999999999999449,0.0011666666666666492,0.0,0.0010000000000000009,20269
0.0,-0.0001666666666666483,0.0,0.0003333333333332966,0.0006666666666667043,0.0010000000000000009,0.0,0.0015000000000000568,26066
0.0,0.0,0.0,-0.0006666666666667043,0.000500000000000056,0.0010000000000000009,0.000500000000000056,0.0015000000000000568,10230
-0.0020000000000000018,-0.0025000000000000577,-0.0018333333333333535,-0.0015000000000000568,0.0004999999999999449,0.0,0.0,-0.0015000000000000568,6362
0.0004999999999999449,-0.0008333333333333526,0.0,0.0,0.0004999999999999449,0.0014999999999999458,0.0,-0.00016666666666675933,3504
0.0,-0.0001666666666666483,0.0,0.0,0.0006666666666667043,0.0010000000000000009,0.0006666666666667043,0.0018333333333333535,8516
0.0,-0.0025000000000000577,-0.002666666666666706,-0.0025000000000000577,0.0006666666666667043,0.0,0.0,-0.0011666666666666492,31608
0.0,-0.00016666666666675933,0.0001666666666666483,0.0001666666666666483,0.0004999999999999449,0.0014999999999999458,0.0010000000000000009,0.0018333333333332424,33152
0.0,0.0,0.0,0.0004999999999999449,0.0006666666666667043,0.0011666666666666492,0.0008333333333333526,0.0018333333333333535,25518
0.0,-0.00016666666666675933,0.0,0.0008333333333332416,0.0006666666666665932,0.0020000000000000018,0.0011666666666666492,0.0018333333333332424,34129
0.0,0.0,0.0,0.0008333333333333526,0.0006666666666667043,0.0023333333333334094,0.000500000000000056,0.0020000000000000018,38637
0.0004999999999999449,-0.0001666666666666483,0.0,0.0,0.0004999999999999449,0.0011666666666666492,0.0006666666666667043,0.0016666666666667052,20940
0.0,0.0,0.0001666666666666483,-0.0004999999999999449,0.000500000000000056,0.0008333333333333526,0.00033333333333340764,0.0011666666666666492,15632
0.0,-0.0025000000000000577,-0.002666666666666706,-0.0025000000000000577,0.0006666666666665932,0.0,-0.0020000000000000018,-0.0010000000000000009,15062
0.0,0.0,0.0,0.0,0.0006666666666667043,0.0018333333333333535,0.0010000000000000009,0.00216666666666665,37403
0.0,-0.0008333333333333526,0.0,0.0,0.0006666666666667043,0.0003333333333332966,0.0,0.0003333333333332966,38898
0.0006666666666667043,0.00016666666666675933,0.00016666666666675933,0.0,0.000500000000000056,0.0020000000000000018,0.0010000000000000009,0.0020000000000000018,13701
0.0,0.0001666666666666483,0.0,0.0,0.0006666666666667043,0.0018333333333333535,0.0010000000000000009,0.00216666666666665,14327
0.0004999999999999449,0.0001666666666666483,0.0,0.0,0.0004999999999999449,0.0018333333333332424,0.0010000000000000009,0.0020000000000000018,23897
0.0004999999999999449,-0.0001666666666666483,0.0,0.0,0.0004999999999999449,0.0011666666666666492,0.0006666666666667043,0.0016666666666667052,2604
0.0,-0.0016666666666667052,-0.0020000000000000018,-0.002666666666666706,0.0006666666666667043,0.0,-0.0020000000000000018,-0.0008333333333333526,12164
0.0004999999999999449,-0.0001666666666666483,0.0,0.0,0.0004999999999999449,0.0011666666666666492,0.0006666666666667043,0.0016666666666667052,8703
0.0,0.0003333333333332966,0.0003333333333332966,0.0,0.0006666666666665932,0.0011666666666666492,0.0,0.0008333333333333526,13561
0.0004999999999999449,0.0,0.0,0.0,0.0004999999999999449,0.00216666666666665,0.0008333333333333526,0.0006666666666665932,35360
0.0,0.0,0.0,0.0001666666666666483,0.0006666666666667043,0.0018333333333333535,0.0006666666666667043,0.0016666666666667052,28012
0.0,-0.0001666666666666483,0.0,0.0,0.0006666666666667043,0.0015000000000000568,0.0006666666666667043,0.0018333333333333535,25683
0.0,-0.0025000000000000577,-0.0025000000000000577,-0.0025000000000000577,0.0004999999999999449,0.0,0.0001666666666666483,-0.0011666666666666492,1266
0.0,-0.0018333333333333535,-0.00216666666666665,-0.0023333333333334094,0.0006666666666665932,0.0,-0.0018333333333333535,-0.0010000000000000009,24186
0.0,-0.0015000000000000568,-0.0020000000000000018,-0.0013333333333334085,0.0006666666666665932,0.0,-0.0020000000000000018,-0.0006666666666667043,7115
0.0004999999999999449,0.0,0.0,0.0,0.0004999999999999449,0.0020000000000000018,0.0008333333333333526,0.0018333333333333535,4310
0.0,0.0,0.0,0.0001666666666666483,0.0006666666666667043,0.0011666666666666492,0.000500000000000056,0.0011666666666666492,19158
0.000500000000000056,0.0008333333333333526,-0.0020000000000000018,-0.0016666666666665941,0.000500000000000056,0.0,0.0006666666666667043,-0.0006666666666665932,8779
-0.00216666666666665,-0.002666666666666706,-0.0020000000000000018,-0.0024999999999999467,0.000500000000000056,0.0,0.0,-0.0016666666666667052,4442
0.0,0.0,0.0,0.0008333333333333526,0.0006666666666667043,0.0023333333333334094,0.000500000000000056,0.0020000000000000018,37919
-0.0001666666666666483,0.0,0.0,0.00033333333333340764,0.000500000000000056,0.0015000000000000568,0.0006666666666667043,0.0016666666666667052,1866
0.0,0.0,0.0,0.0,0.0006666666666667043,0.0015000000000000568,0.0008333333333333526,0.0011666666666666492,34501
0.0,0.0,0.0,0.0003333333333332966,0.0006666666666667043,0.0013333333333332975,0.0008333333333333526,0.0018333333333333535,18081
0.0,-0.002666666666666706,-0.0025000000000000577,-0.0025000000000000577,0.0004999999999999449,0.0,0.0001666666666666483,-0.0011666666666666492,4423
0.0,-0.00016666666666675933,0.0,0.0008333333333332416,0.0006666666666665932,0.0014999999999999458,0.0004999999999999449,0.0018333333333332424,28808
0.0,-0.0001666666666666483,0.0,0.0,0.0006666666666667043,0.0010000000000000009,0.0006666666666667043,0.0018333333333333535,26429
-0.0003333333333332966,-0.0001666666666666483,0.0,0.0,0.0004999999999999449,0.0011666666666666492,0.0006666666666667043,0.0016666666666667052,4128
0.0,0.0003333333333332966,0.0,0.000500000000000056,0.000500000000000056,0.0025000000000000577,0.0008333333333333526,0.00216666666666665,4733
0.0006666666666665932,-0.0001666666666666483,0.0001666666666666483,0.0,0.0004999999999999449,0.00216666666666665,0.0006666666666665932,0.0016666666666665941,501
0.0,-0.000500000000000056,0.0,0.0011666666666666492,0.0006666666666667043,0.0020000000000000018,0.0,0.0004999999999999449,6396
0.0,0.0,0.00016666666666675933,0.00016666666666675933,0.0006666666666667043,0.0023333333333334094,0.000500000000000056,0.0020000000000000018,13935
0.0,0.0,0.0,0.0010000000000000009,0.0006666666666667043,0.0015000000000000568,0.0006666666666667043,0.0016666666666667052,18020
0.0004999999999999449,-0.0008333333333333526,0.0,0.0,0.0004999999999999449,0.0006666666666665932,0.0,0.0010000000000000009,9421
0.0,0.0,0.0,-0.0001666666666666483,0.0006666666666667043,0.0015000000000000568,0.0,0.0013333333333334085,19894
-0.0001666666666666483,0.0006666666666667043,0.0,0.0006666666666667043,0.0004999999999999449,0.0016666666666667052,0.0,0.0010000000000000009,21140
-0.00016666666666675933,0.0,0.0,0.0001666666666666483,0.0004999999999999449,0.00216666666666665,0.0004999999999999449,0.0023333333333332984,35703
0.0006666666666667043,-0.0008333333333332416,0.00016666666666675933,0.0,0.000500000000000056,0.0013333333333334085,0.0,0.0006666666666667043,339
0.0008333333333333526,0.0,0.000500000000000056,0.0,0.000500000000000056,0.0018333333333333535,0.0011666666666666492,0.00216666666666665,15021
0.0,0.0,0.0,0.0,0.0006666666666667043,0.0010000000000000009,0.0008333333333333526,0.0008333333333333526,14898
0.0,0.0004999999999999449,0.0,0.0014999999999999458,0.0006666666666667043,0.002666666666666706,0.0006666666666667043,0.0018333333333333535,8974
0.0,0.0,0.0,0.0,0.0006666666666667043,0.0011666666666666492,0.0008333333333333526,0.0020000000000000018,24428
0.0,-0.0001666666666666483,0.0,0.0,0.0006666666666667043,0.0010000000000000009,0.0006666666666667043,0.0010000000000000009,26496
0.0,0.0006666666666665932,0.0001666666666666483,0.0006666666666665932,0.0023333333333332984,0.0020000000000000018,0.0,0.0006666666666665932,6028
0.0,0.0004999999999999449,0.0001666666666666483,-0.0003333333333332966,0.0006666666666667043,0.0020000000000000018,0.0,0.0016666666666667052,17616
0.0,-0.0025000000000000577,-0.002666666666666706,-0.0016666666666667052,0.0006666666666665932,0.0,-0.0020000000000000018,-0.0006666666666667043,24885
0.0004999999999999449,-0.0008333333333333526,0.0,0.0,0.0004999999999999449,0.0006666666666665932,0.0,0.0010000000000000009,35773
0.0,0.0,0.0,0.0010000000000000009,0.0006666666666667043,0.0013333333333332975,0.0006666666666667043,0.0016666666666667052,18457
-0.0003333333333332966,-0.0001666666666666483,0.0,0.0,0.0004999999999999449,0.0011666666666666492,0.0006666666666667043,0.0016666666666667052,4135
-0.00016666666666675933,0.0,0.0,0.0001666666666666483,0.0004999999999999449,0.00216666666666665,0.0004999999999999449,0.0023333333333332984,37815
0.0004999999999999449,-0.0001666666666666483,0.0,0.0,0.0004999999999999449,0.0020000000000000018,0.0006666666666667043,0.0016666666666667052,5489
0.0006666666666665932,0.0,0.0001666666666666483,0.0,0.0004999999999999449,0.0020000000000000018,0.0008333333333332416,0.0014999999999999458,1413
0.0,0.0,0.0,0.0,0.0006666666666667043,0.0015000000000000568,0.0008333333333333526,0.0011666666666666492,39229
0.0,0.0,0.0,0.0008333333333333526,0.0006666666666667043,0.0023333333333334094,0.000500000000000056,0.0020000000000000018,24061
0.0,-0.0008333333333333526,0.0,0.0,0.0006666666666667043,0.0010000000000000009,0.0,0.000500000000000056,26738
0.0001666666666666483,0.0006666666666665932,-0.0025000000000000577,-0.0020000000000000018,0.0004999999999999449,0.0,0.0003333333333332966,-0.0006666666666667043,5684
0.0,0.0004999999999999449,0.0,0.0006666666666665932,0.0006666666666665932,0.0020000000000000018,0.0,0.0013333333333332975,7558
0.0,-0.000500000000000056,0.0,0.0011666666666666492,0.0006666666666667043,0.0018333333333333535,0.0,0.0018333333333333535,38006
0.0006666666666667043,0.0003333333333332966,-0.0003333333333332966,0.0,0.000500000000000056,0.0018333333333333535,0.0,0.0010000000000000009,1191
0.0,-0.0008333333333333526,0.0,0.0,0.0006666666666667043,0.0008333333333333526,0.0,0.0011666666666666492,23279
0.0,-0.0001666666666666483,0.0,0.0,-0.0001666666666666483,0.0011666666666667602,-0.0003333333333332966,0.0018333333333333535,27159
0.0,0.0,0.0,0.0008333333333333526,0.0006666666666667043,0.0023333333333334094,0.000500000000000056,0.0020000000000000018,32226
0.0008333333333333526,0.0,0.00033333333333340764,0.0,0.000500000000000056,0.0020000000000000018,0.0011666666666666492,0.00216666666666665,14411
0.0,0.0,0.0,0.0,-0.0001666666666666483,0.0015000000000000568,0.000500000000000056,0.0020000000000000018,28654
0.0,0.0,0.0,0.0010000000000000009,0.0006666666666667043,0.0016666666666667052,0.0006666666666667043,0.0016666666666667052,18154
0.0,0.0,0.00016666666666675933,0.00016666666666675933,0.000500000000000056,0.0018333333333333535,0.000500000000000056,0.0020000000000000018,2697
0.0,0.0001666666666666483,0.0,0.0,0.0006666666666667043,0.0013333333333332975,0.0010000000000000009,0.00216666666666665,36715
0.0,0.0,0.0,0.0010000000000000009,0.0006666666666667043,0.0016666666666667052,0.0006666666666667043,0.0016666666666667052,27962
0.000500000000000056,0.0008333333333333526,-0.0020000000000000018,-0.0020000000000000018,0.000500000000000056,0.0,0.0006666666666667043,-0.0006666666666665932,30852
0.0,0.0,-0.0001666666666666483,0.0001666666666666483,0.0006666666666667043,0.0015000000000000568,0.000500000000000056,0.0015000000000000568,16848
0.0004999999999999449,0.0,0.0,0.0,0.0004999999999999449,0.0016666666666665941,0.0008333333333333526,0.0018333333333333535,40099
0.0,-0.0001666666666666483,0.0,0.0,-0.0001666666666666483,0.0006666666666667043,-0.0003333333333332966,0.0018333333333333535,25260
0.0,0.0,0.0,0.0004999999999999449,0.0006666666666667043,0.0011666666666666492,0.0008333333333333526,0.0018333333333333535,25455
0.0,-0.0008333333333333526,0.0,0.0,0.0006666666666667043,0.0003333333333332966,0.0,0.000500000000000056,39011
0.0,0.0,0.0,0.0003333333333332966,0.0006666666666667043,0.0013333333333332975,0.0008333333333333526,0.0018333333333333535,23409
-0.0001666666666666483,0.0,0.0,-0.0004999999999999449,0.000500000000000056,0.0011666666666666492,0.0006666666666667043,0.0016666666666667052,20470
0.0,0.0,0.0,0.0,0.0006666666666667043,0.0015000000000000568,0.000500000000000056,0.0020000000000000018,24095
0.0,0.0,0.0,0.0,0.0006666666666667043,0.0016666666666667052,0.0008333333333333526,0.0013333333333334085,24680
0.0,-0.0015000000000000568,-0.0020000000000000018,-0.002166666666666761,0.0006666666666665932,0.0,-0.0018333333333333535,-0.000500000000000056,19114
0.0,0.0004999999999999449,0.0,0.0006666666666665932,0.0006666666666665932,0.0018333333333333535,0.0003333333333332966,0.0013333333333332975,17489
0.0004999999999999449,0.0001666666666666483,0.0,0.0,0.0004999999999999449,0.0018333333333332424,0.0010000000000000009,0.0020000000000000018,30352
0.000500000000000056,0.0010000000000000009,-0.0014999999999999458,-0.0018333333333333535,0.000500000000000056,0.0,0.000500000000000056,-0.0004999999999999449,32510
0.0004999999999999449,-0.0008333333333333526,0.0,0.0,0.0004999999999999449,0.0011666666666666492,0.0,0.0010000000000000009,35798
0.0,0.0,0.0,0.0010000000000000009,0.0006666666666667043,0.0016666666666667052,0.0,0.0015000000000000568,8274
0.0,0.0003333333333332966,0.0,0.0003333333333332966,0.0006666666666665932,0.0020000000000000018,0.0001666666666666483,0.0013333333333332975,19402
0.0,-0.0008333333333333526,0.0,0.0,0.0006666666666667043,0.0008333333333333526,0.0,0.000500000000000056,11151
0.0,0.0004999999999999449,0.0001666666666666483,0.0004999999999999449,0.0004999999999999449,0.00216666666666665,0.0003333333333332966,0.0018333333333333535,31128
0.0,0.0,0.0,0.0,0.0006666666666667043,0.0011666666666666492,0.0008333333333333526,0.0020000000000000018,33702
0.0,0.0003333333333332966,0.0003333333333332966,0.0,0.0006666666666665932,0.0004999999999999449,0.0,0.0011666666666666492,13589
0.0,0.0001666666666666483,0.0,0.0,0.0006666666666667043,0.0013333333333332975,0.0006666666666667043,0.00216666666666665,13861
0.0006666666666665932,0.0,0.0001666666666666483,0.0,0.0004999999999999449,0.0018333333333332424,0.0008333333333332416,0.0018333333333332424,30430
-0.00216666666666665,-0.002666666666666706,-0.0020000000000000018,-0.0016666666666667052,0.000500000000000056,0.0,0.0,-0.0016666666666667052,12378
0.0008333333333333526,0.0,0.00033333333333340764,0.0,0.000500000000000056,0.0020000000000000018,0.0011666666666666492,0.00216666666666665,14803
0.0004999999999999449,0.0,0.0,0.0,0.0004999999999999449,0.0023333333333332984,0.0008333333333333526,0.0018333333333333535,4404
0.0,0.0003333333333332966,0.0003333333333332966,0.0,0.0006666666666665932,0.0011666666666666492,0.0,0.0011666666666666492,6233
-0.0001666666666666483,-0.0004999999999999449,0.0,-0.0003333333333332966,0.000500000000000056,0.0013333333333332975,0.0,0.0008333333333333526,36411
0.0,0.0,0.0,0.0004999999999999449,0.0006666666666667043,0.0016666666666667052,0.0008333333333333526,0.0018333333333333535,18322
0.0,-0.0008333333333333526,0.0,0.0,0.0006666666666667043,0.0008333333333333526,0.0,0.0011666666666666492,25823
0.0,0.0001666666666666483,0.0001666666666666483,0.0,-0.0001666666666666483,0.0013333333333334085,-0.0004999999999999449,0.0016666666666667052,22041
0.0,0.0004999999999999449,0.0,0.0003333333333332966,0.0006666666666667043,0.0020000000000000018,0.0,0.0016666666666667052,12157
0.000500000000000056,0.0008333333333333526,-0.0020000000000000018,-0.0020000000000000018,0.000500000000000056,0.0,0.000500000000000056,-0.0006666666666665932,34826
0.0,-0.00016666666666675933,0.0,0.0008333333333332416,0.0006666666666665932,0.0014999999999999458,0.0011666666666666492,0.0018333333333332424,25711
0.000500000000000056,0.0010000000000000009,-0.0013333333333332975,-0.0018333333333333535,0.000500000000000056,0.0,0.000500000000000056,-0.0001666666666666483,1762
0.0,0.0,0.0001666666666666483,0.0008333333333333526,0.0006666666666667043,0.0025000000000000577,0.0006666666666667043,0.00216666666666665,37797
0.0,0.0,0.0,-0.0001666666666666483,0.0006666666666667043,0.0010000000000000009,0.0,0.0013333333333334085,19996
0.0,0.0,0.0,0.0,0.0006666666666667043,0.0016666666666667052,0.0001666666666666483,0.0011666666666666492,20134
0.0006666666666667043,0.00016666666666675933,0.00016666666666675933,0.0,0.000500000000000056,0.0025000000000000577,0.0010000000000000009,0.0020000000000000018,4237
0.000500000000000056,0.0010000000000000009,-0.0013333333333332975,-0.0014999999999999458,0.000500000000000056,0.0,0.00033333333333340764,-0.0001666666666666483,5206
0.0,0.0,0.0,0.0,0.0006666666666667043,0.0015000000000000568,0.0008333333333333526,0.0015000000000000568,23729
0.0,0.0003333333333332966,0.0,0.000500000000000056,0.000500000000000056,0.0025000000000000577,0.0008333333333333526,0.00216666666666665,20827
0.0001666666666666483,0.0014999999999999458,0.0004999999999999449,0.0008333333333332416,0.0004999999999999449,0.0024999999999999467,0.0006666666666665932,0.0018333333333332424,5160
0.0,-0.0008333333333333526,0.0,0.0,0.0006666666666667043,0.0006666666666667043,0.0,0.0006666666666667043,29820
0.0,-0.0018333333333333535,-0.00216666666666665,-0.0023333333333334094,0.0006666666666665932,0.0,0.0,-0.0010000000000000009,33001
0.0,0.0,0.0,0.0,0.0006666666666667043,0.0015000000000000568,0.0008333333333333526,0.0020000000000000018,34510
-0.0001666666666666483,0.000500000000000056,0.0,0.0008333333333333526,0.000500000000000056,0.0020000000000000018,0.0006666666666667043,0.0018333333333333535,7689
0.0,-0.00016666666666675933,0.0,0.0008333333333332416,0.0006666666666665932,0.0014999999999999458,0.0011666666666666492,0.0018333333333332424,28856
0.0004999999999999449,-0.0008333333333333526,0.0,0.0,0.0004999999999999449,0.0013333333333332975,0.0,0.0010000000000000009,2950
0.0,0.0004999999999999449,0.0,0.0014999999999999458,0.0006666666666667043,0.00216666666666665,0.0006666666666667043,0.0018333333333333535,8955
0.0,0.0,0.0,0.0,0.0006666666666667043,0.0011666666666666492,0.0008333333333333526,0.0020000000000000018,29300
0.0,0.0,0.0001666666666666483,0.0008333333333333526,0.0006666666666667043,0.0025000000000000577,0.0006666666666667043,0.00216666666666665,12911
-0.0018333333333333535,-0.0013333333333334085,-0.0016666666666667052,-0.00216666666666665,0.0004999999999999449,0.0,0.0,-0.0001666666666666483,1782
0.0,-0.0001666666666666483,0.0,0.0,0.0001666666666666483,0.0011666666666666492,0.0006666666666667043,0.0016666666666667052,2582
0.0006666666666667043,0.0003333333333332966,-0.0003333333333332966,0.0,0.000500000000000056,0.0016666666666667052,0.0,0.0010000000000000009,10510
0.0006666666666667043,0.0,0.00016666666666675933,0.0,0.000500000000000056,0.0016666666666667052,0.0008333333333333526,0.0008333333333333526,10464
0.0,-0.00016666666666675933,0.0,0.0008333333333332416,0.0006666666666665932,0.0014999999999999458,0.0011666666666666492,0.0018333333333332424,33553
0.0,0.0,0.0,-0.0001666666666666483,0.0006666666666667043,0.0018333333333333535,0.0006666666666667043,0.0016666666666667052,24220
0.0004999999999999449,0.0,0.0,0.0,0.0004999999999999449,0.0020000000000000018,0.0008333333333333526,0.0018333333333333535,2626
0.000500000000000056,0.0010000000000000009,-0.0013333333333332975,-0.0018333333333333535,0.000500000000000056,0.0,0.000500000000000056,-0.0001666666666666483,20320
0.0008333333333332416,-0.00033333333333340764,0.0003333333333332966,0.0,0.0004999999999999449,0.0016666666666665941,0.0008333333333332416,0.0018333333333332424,11500
0.0,-0.00016666666666675933,0.0,0.0008333333333332416,0.0006666666666665932,0.0020000000000000018,0.0011666666666666492,0.0018333333333332424,34263
0.0,0.0,0.0,0.0010000000000000009,0.0006666666666667043,0.0016666666666667052,0.0006666666666667043,0.0016666666666667052,18295
0.0,0.0,0.0,0.0008333333333333526,0.0006666666666667043,0.0023333333333334094,0.000500000000000056,0.002166666666666761,37773
0.0,-0.0008333333333333526,0.0,0.0,0.0006666666666667043,0.0008333333333333526,0.0,0.000500000000000056,26857
0.0,0.0003333333333332966,0.0,0.0010000000000000009,0.0006666666666667043,0.002666666666666706,0.0006666666666667043,0.0020000000000000018,37674
0.0,-0.0008333333333333526,0.0,0.0,0.0006666666666667043,0.0001666666666666483,0.0,0.0011666666666666492,7666
0.0,0.0004999999999999449,0.0001666666666666483,0.0008333333333333526,0.0004999999999999449,0.00216666666666665,0.0003333333333332966,0.0018333333333333535,10874
-0.0001666666666666483,0.00016666666666675933,0.0,0.00016666666666675933,0.000500000000000056,0.0020000000000000018,0.0006666666666667043,0.0015000000000000568,36069
0.0,-0.002666666666666706,-0.002666666666666706,-0.002666666666666706,0.0006666666666667043,0.0,-0.0020000000000000018,-0.0011666666666666492,12884
0.0,0.0,0.0,0.0,0.0006666666666667043,0.0010000000000000009,0.0008333333333333526,0.0020000000000000018,30142
0.0,0.0,0.0001666666666666483,0.0001666666666666483,0.0006666666666667043,0.0025000000000000577,0.0006666666666667043,0.00216666666666665,38093
0.0,0.0,-0.0001666666666666483,0.0001666666666666483,0.0006666666666667043,0.0015000000000000568,0.000500000000000056,0.0015000000000000568,12656
0.0,0.0,0.0,0.0,0.0006666666666667043,0.0015000000000000568,0.0008333333333333526,0.0020000000000000018,25076
0.0,0.0,0.0,0.0001666666666666483,0.0006666666666667043,0.0013333333333334085,0.00033333333333340764,0.0011666666666666492,17114
0.0,0.0,0.0,0.0001666666666666483,0.0006666666666667043,0.0018333333333333535,0.0006666666666667043,0.0016666666666667052,17707
0.0004999999999999449,-0.0001666666666666483,0.0,0.0,0.0004999999999999449,0.0014999999999999458,0.0006666666666667043,0.0016666666666667052,9478
0.0008333333333333526,0.00016666666666675933,0.000500000000000056,0.0,0.000500000000000056,0.0025000000000000577,0.0006666666666667043,0.0016666666666667052,21651
0.0006666666666667043,0.0006666666666667043,-0.0018333333333333535,-0.0016666666666665941,0.000500000000000056,0.0,0.0006666666666667043,-0.0004999999999999449,9546
0.000500000000000056,0.0010000000000000009,-0.0013333333333332975,-0.0014999999999999458,0.000500000000000056,0.0,0.00033333333333340764,-0.0001666666666666483,21142
0.0006666666666667043,-0.0008333333333332416,0.00016666666666675933,0.0,0.000500000000000056,0.0015000000000000568,0.0,0.0006666666666667043,36794
0.0,-0.0001666666666666483,0.0,0.0,-0.0001666666666666483,0.0006666666666667043,0.00033333333333340764,0.0018333333333333535,34094
0.000500000000000056,0.0008333333333333526,-0.0020000000000000018,-0.0020000000000000018,0.000500000000000056,0.0,0.0006666666666667043,-0.0006666666666665932,30620
0.0,0.0004999999999999449,0.0,0.0004999999999999449,0.0006666666666665932,0.0020000000000000018,0.0001666666666666483,0.0014999999999999458,18911
0.000500000000000056,0.0011666666666666492,-0.0013333333333332975,-0.0013333333333332975,0.000500000000000056,0.0,0.000500000000000056,0.0,20413
0.0004999999999999449,-0.0008333333333333526,0.0,0.0,0.0004999999999999449,0.0014999999999999458,0.0,0.0010000000000000009,2988
-0.0001666666666666483,0.0,0.0,-0.0004999999999999449,0.000500000000000056,0.0006666666666667043,0.000500000000000056,0.0011666666666667602,17773
-0.0020000000000000018,0.0008333333333333526,-0.0016666666666665941,-0.0018333333333333535,0.000500000000000056,0.0,-0.0013333333333332975,0.0001666666666666483,25131
0.0,0.0,0.0,0.0010000000000000009,0.0006666666666667043,0.0016666666666667052,0.0,0.0015000000000000568,21309
0.0008333333333333526,0.00016666666666675933,0.000500000000000056,0.0,0.000500000000000056,0.0025000000000000577,0.0006666666666667043,0.0016666666666667052,64
0.0,-0.00033333333333340764,0.0,0.0004999999999999449,0.0006666666666665932,0.0020000000000000018,0.0,0.0018333333333333535,38577
0.0,0.0,0.0,0.0001666666666666483,0.0006666666666667043,0.0018333333333333535,0.0006666666666667043,0.0016666666666667052,28052
0.0,0.0,0.0,0.0,0.0006666666666667043,0.0010000000000000009,0.0008333333333333526,0.0016666666666667052,36901
0.00033333333333340764,0.00016666666666675933,0.000500000000000056,0.0,-0.0001666666666666483,0.0016666666666667052,0.0006666666666667043,0.0016666666666667052,21006
0.0004999999999999449,-0.0001666666666666483,0.0,0.0,0.0004999999999999449,0.0011666666666666492,0.0006666666666667043,0.0016666666666667052,30806
0.0,0.0,0.00016666666666675933,-0.0008333333333332416,0.000500000000000056,0.0013333333333334085,0.0,0.0011666666666667602,20325
0.0,0.0001666666666666483,0.0,0.0,0.0006666666666667043,0.0013333333333332975,0.0010000000000000009,0.0013333333333332975,31194
0.0,0.0,0.0,0.0003333333333332966,0.0006666666666667043,0.0013333333333332975,0.0008333333333333526,0.0018333333333333535,18498
0.0,0.0,0.0,0.0010000000000000009,0.0006666666666667043,0.0016666666666667052,0.0006666666666667043,0.0016666666666667052,27523
0.0,0.0,0.0,0.0004999999999999449,0.0006666666666667043,0.0011666666666666492,0.0008333333333333526,0.0018333333333333535,28130
-0.0001666666666666483,0.0004999999999999449,0.0,0.0008333333333333526,0.0004999999999999449,0.0018333333333333535,0.0,0.0011666666666666492,186
0.0004999999999999449,0.0001666666666666483,0.0,0.0,0.0004999999999999449,0.0023333333333332984,0.0010000000000000009,0.0020000000000000018,3719
0.0,0.0,0.0,0.0,0.0006666666666667043,0.0011666666666666492,0.0008333333333333526,0.0020000000000000018,40177
0.0,-0.0025000000000000577,-0.002666666666666706,-0.0023333333333334094,0.0006666666666665932,0.0,0.0,-0.000500000000000056,24936
0.0,0.0,0.0,0.0008333333333333526,0.0006666666666667043,0.0018333333333333535,0.0013333333333334085,0.0020000000000000018,34218
-0.0001666666666666483,-0.0001666666666666483,0.0001666666666666483,0.0,0.0004999999999999449,0.0013333333333332975,-0.00033333333333340764,0.0016666666666665941,8653
0.0,0.0,0.0,0.0001666666666666483,0.0006666666666667043,0.0018333333333333535,0.0006666666666667043,0.0016666666666667052,28493
0.0,-0.0025000000000000577,-0.002666666666666706,-0.0015000000000000568,0.0006666666666667043,0.0,-0.0020000000000000018,-0.0011666666666666492,7785
-0.0001666666666666483,0.0004999999999999449,0.0,-0.0003333333333332966,0.0004999999999999449,0.0011666666666666492,0.0003333333333332966,0.0013333333333332975,15614
0.000500000000000056,0.0010000000000000009,0.0008333333333333526,0.0001666666666666483,0.000500000000000056,0.00216666666666665,0.000500000000000056,0.0020000000000000018,18843
0.0,0.0,0.0,0.0010000000000000009,0.0006666666666667043,0.0016666666666667052,0.0,0.0015000000000000568,26314
0.0,0.0,0.0,0.0004999999999999449,0.0006666666666667043,0.0011666666666666492,0.0008333333333333526,0.0018333333333333535,27565
0.0,-0.0008333333333333526,0.0,0.0,0.0006666666666667043,0.0003333333333332966,0.0,0.0011666666666666492,23644
0.0,0.0,0.0,0.0010000000000000009,0.0006666666666667043,0.0016666666666667052,0.0006666666666667043,0.0016666666666667052,18096
0.0004999999999999449,0.0001666666666666483,0.0,0.0,0.0004999999999999449,0.0018333333333332424,0.0010000000000000009,0.0020000000000000018,35899
0.0,0.0,0.0,0.0008333333333333526,0.0006666666666667043,0.0023333333333334094,0.0013333333333334085,0.0020000000000000018,29109
0.0,0.0003333333333332966,0.0,0.0004999999999999449,0.0006666666666665932,0.00216666666666665,0.0003333333333332966,0.0011666666666666492,24226
0.000500000000000056,0.0011666666666666492,-0.0013333333333332975,-0.0016666666666667052,0.000500000000000056,0.0,0.000500000000000056,-0.0003333333333332966,31327
0.0001666666666666483,0.0,0.0,0.0006666666666667043,0.0004999999999999449,0.0016666666666667052,0.0,0.0004999999999999449,5442
0.0006666666666667043,0.0,0.00016666666666675933,0.0,0.000500000000000056,0.0020000000000000018,0.0010000000000000009,0.0020000000000000018,35380
0.0,0.00016666666666675933,0.000500000000000056,0.0,0.000500000000000056,0.0016666666666667052,0.0008333333333333526,0.0016666666666667052,10519
0.000500000000000056,0.0011666666666666492,-0.0014999999999999458,-0.0016666666666667052,0.000500000000000056,0.0,0.000500000000000056,-0.0003333333333332966,30500
0.0,-0.00016666666666675933,0.0,0.0008333333333332416,0.0006666666666665932,0.0020000000000000018,0.0004999999999999449,0.0018333333333332424,27154
0.0,-0.0001666666666666483,0.0,0.0,-0.0001666666666666483,0.0011666666666667602,0.00033333333333340764,0.0018333333333333535,34164
-0.00016666666666675933,0.0,0.0,0.0001666666666666483,0.0004999999999999449,0.0016666666666665941,0.0013333333333332975,0.0020000000000000018,3929
0.0004999999999999449,0.0,0.0,0.0,0.0004999999999999449,0.00216666666666665,0.0008333333333333526,0.0018333333333333535,4409
0.000500000000000056,0.0011666666666666492,-0.0014999999999999458,-0.0016666666666667052,0.000500000000000056,0.0,0.000500000000000056,-0.0003333333333332966,32420
0.0,-0.0025000000000000577,-0.002666666666666706,-0.0023333333333334094,0.0006666666666665932,0.0,-0.0020000000000000018,-0.0006666666666667043,37844
0.0,0.0,0.0,0.0010000000000000009,0.0006666666666667043,0.0018333333333333535,0.0006666666666667043,0.0016666666666667052,27069
0.0,0.0,0.0,-0.0006666666666667043,0.000500000000000056,0.0011666666666666492,-0.0001666666666666483,0.0015000000000000568,1593
0.0,-0.0008333333333333526,0.0,0.0,0.0006666666666667043,0.0008333333333333526,0.0,0.0011666666666666492,8561
0.0,-0.0001666666666666483,0.0,0.0,-0.0001666666666666483,0.0006666666666667043,-0.0003333333333332966,0.0018333333333333535,28094
0.0,0.0,0.0,0.0008333333333333526,0.0006666666666667043,0.0023333333333334094,0.0013333333333334085,0.0020000000000000018,34268
0.0001666666666666483,-0.0013333333333334085,-0.0016666666666667052,-0.0025000000000000577,0.0004999999999999449,0.0,0.0,-0.0006666666666667043,19465
0.0,-0.0003333333333332966,0.0,0.0,0.0006666666666667043,0.0010000000000000009,0.0006666666666667043,0.0018333333333333535,21586
0.0,-0.0008333333333333526,0.0,0.0,0.0006666666666667043,0.0006666666666667043,0.0,0.0011666666666666492,23083
0.0,0.0,0.0,0.0010000000000000009,0.0006666666666667043,0.0015000000000000568,0.0006666666666667043,0.0016666666666667052,26881
0.000500000000000056,0.0011666666666666492,-0.0013333333333332975,-0.0013333333333332975,0.000500000000000056,0.0,0.000500000000000056,0.0,2283
0.0,0.0,0.0,0.0001666666666666483,0.0006666666666667043,0.0016666666666667052,0.0006666666666667043,0.0016666666666667052,27623
0.0,0.0,0.0,0.0,0.0006666666666667043,0.0011666666666666492,0.0008333333333333526,0.0020000000000000018,39490
0.0,0.0006666666666665932,0.0001666666666666483,0.0008333333333332416,0.0006666666666665932,0.0020000000000000018,0.0001666666666666483,0.0014999999999999458,16047
-0.0001666666666666483,0.000500000000000056,0.0,0.0008333333333333526,0.000500000000000056,0.0020000000000000018,0.0006666666666667043,0.0018333333333333535,537
0.0,0.0,0.0,0.0004999999999999449,0.0006666666666667043,0.0011666666666666492,0.0008333333333333526,0.0018333333333333535,27411
0.0004999999999999449,-0.0001666666666666483,0.0,0.0,0.0004999999999999449,0.0020000000000000018,0.0006666666666667043,0.0016666666666667052,570
0.0,0.0004999999999999449,0.0001666666666666483,0.0004999999999999449,0.0004999999999999449,0.00216666666666665,0.0003333333333332966,0.0018333333333333535,30987
0.0,0.0,0.0,0.0,0.0006666666666667043,0.0015000000000000568,0.0008333333333333526,0.0015000000000000568,29583
0.0,-0.0008333333333333526,0.0,0.0,0.0006666666666667043,0.0003333333333332966,0.0,0.0011666666666666492,39023
0.0,0.0,0.0,0.0010000000000000009,0.0006666666666667043,0.0016666666666667052,0.0006666666666667043,0.0016666666666667052,25550
0.0,0.0,0.0,0.0,0.0006666666666667043,0.0016666666666667052,0.0008333333333333526,0.0020000000000000018,29507
0.000500000000000056,0.0011666666666666492,-0.0013333333333332975,-0.0016666666666667052,0.000500000000000056,0.0,0.000500000000000056,0.0,15277
0.0,-0.0025000000000000577,-0.002666666666666706,-0.0025000000000000577,0.0006666666666665932,0.0,-0.0020000000000000018,-0.0006666666666667043,12898
0.0,-0.0008333333333333526,0.0,0.0,0.0006666666666667043,0.0010000000000000009,0.0,0.000500000000000056,25418
0.0,0.0,0.0,0.0010000000000000009,0.0006666666666667043,0.0011666666666666492,0.0,0.0015000000000000568,25966
0.0,0.0,0.0,0.0,0.0006666666666667043,0.0011666666666666492,0.0008333333333333526,0.0020000000000000018,28658
0.0,0.0,0.00016666666666675933,0.00016666666666675933,0.0006666666666667043,0.0023333333333334094,0.000500000000000056,0.002166666666666761,14649
0.0,0.0,0.0,0.0,-0.0001666666666666483,0.0015000000000000568,0.000500000000000056,0.0020000000000000018,23584
0.0,0.0,0.0,0.0003333333333332966,0.0006666666666667043,0.0013333333333332975,0.0008333333333333526,0.0018333333333333535,26679
0.0006666666666665932,0.0,0.0001666666666666483,0.0,0.0004999999999999449,0.0016666666666665941,0.0008333333333332416,0.0014999999999999458,35494
0.0,0.0008333333333333526,0.0004999999999999449,0.0003333333333332966,0.0004999999999999449,0.0020000000000000018,0.0,0.0018333333333333535,21865
0.0,-0.0008333333333333526,0.0,0.0,0.0006666666666667043,0.0006666666666667043,0.0,0.0011666666666666492,25657
0.0,0.0,0.0,0.0,0.0006666666666667043,0.0016666666666667052,0.0008333333333333526,0.0020000000000000018,26704
0.0,-0.0001666666666666483,0.0,0.0,-0.0001666666666666483,0.0011666666666667602,0.00033333333333340764,0.0018333333333333535,27204
0.0,-0.0001666666666666483,0.0,0.0,0.0006666666666667043,0.0015000000000000568,0.0006666666666667043,0.0018333333333333535,28361
0.0,-0.00016666666666675933,0.0,0.0008333333333332416,0.0006666666666665932,0.0020000000000000018,0.0010000000000000009,0.0018333333333332424,31993
0.0,0.0004999999999999449,0.0,0.0003333333333332966,0.0006666666666667043,0.0020000000000000018,0.0,0.0016666666666667052,12176
0.0,0.0006666666666665932,0.0,0.0013333333333332975,0.0006666666666665932,0.0020000000000000018,0.0,0.0018333333333333535,16519
0.0,0.0004999999999999449,0.0,0.0011666666666666492,0.0006666666666667043,0.002666666666666706,0.0008333333333333526,0.0018333333333333535,31952
0.0,0.0006666666666665932,0.0004999999999999449,-0.00016666666666675933,0.0006666666666665932,0.0020000000000000018,0.0001666666666666483,0.0014999999999999458,12006
0.000500000000000056,0.0011666666666666492,-0.0013333333333332975,-0.0013333333333332975,0.000500000000000056,0.0,0.000500000000000056,0.0,10093
0.0001666666666666483,-0.0013333333333334085,-0.0016666666666667052,-0.0025000000000000577,0.0004999999999999449,0.0,0.0,-0.0006666666666667043,10366
0.0,-0.0025000000000000577,-0.0025000000000000577,-0.0023333333333334094,0.0004999999999999449,0.0,0.0001666666666666483,-0.0010000000000000009,4790
0.0008333333333333526,0.00016666666666675933,0.000500000000000056,0.0,0.000500000000000056,0.0025000000000000577,0.0006666666666667043,0.0016666666666667052,33
0.0,0.0,0.0,0.0,0.0006666666666667043,0.0011666666666666492,0.0008333333333333526,0.0020000000000000018,39590
0.0,0.0,0.0,0.0003333333333332966,0.0006666666666667043,0.0018333333333333535,0.0008333333333333526,0.0018333333333333535,18573
0.0,0.0004999999999999449,0.0001666666666666483,-0.00033333333333340764,0.0004999999999999449,0.0013333333333332975,0.0,0.0013333333333332975,1752
0.0,0.0,-0.0001666666666666483,0.0001666666666666483,0.0006666666666667043,0.0015000000000000568,0.000500000000000056,0.0015000000000000568,13240
0.0006666666666665932,0.0,0.0001666666666666483,0.0,0.0004999999999999449,0.0023333333333332984,0.0008333333333332416,0.0014999999999999458,22202
0.0,0.0,0.00016666666666675933,-0.0008333333333332416,0.000500000000000056,0.0013333333333334085,0.0,0.0011666666666667602,10312
0.0,-0.0008333333333333526,0.0,0.0,0.0006666666666667043,0.0003333333333332966,0.0,0.000500000000000056,8571
0.0,0.0004999999999999449,0.0001666666666666483,0.0008333333333333526,0.0004999999999999449,0.00216666666666665,0.0003333333333332966,0.0018333333333333535,8694
0.0,-0.00016666666666675933,0.0,0.0008333333333332416,0.0006666666666665932,0.0020000000000000018,0.0011666666666666492,0.0018333333333332424,32911
0.0,0.0004999999999999449,0.0001666666666666483,0.0,0.0004999999999999449,0.0013333333333332975,0.0,0.0013333333333332975,1476
0.0,0.0,0.0,0.0001666666666666483,0.0006666666666667043,0.0018333333333333535,0.0006666666666667043,0.0016666666666667052,18651
-0.0001666666666666483,-0.0001666666666666483,0.0,-0.0003333333333332966,0.000500000000000056,0.0008333333333333526,0.0,0.0015000000000000568,22329
0.0004999999999999449,0.0001666666666666483,0.0,0.0,0.0004999999999999449,0.0014999999999999458,0.0010000000000000009,0.0020000000000000018,31334
0.000500000000000056,0.0010000000000000009,-0.0014999999999999458,-0.0018333333333333535,0.000500000000000056,0.0,0.000500000000000056,-0.0004999999999999449,3944
0.0,0.0,0.0,0.0010000000000000009,0.0006666666666667043,0.0016666666666667052,0.0006666666666667043,0.0016666666666667052,25482
0.0004999999999999449,0.0,0.0,0.0,0.0004999999999999449,0.0016666666666665941,0.0008333333333333526,0.0018333333333333535,39692
0.0,0.0,0.0,0.0010000000000000009,0.0006666666666667043,0.0015000000000000568,0.0006666666666667043,0.0016666666666667052,18216
0.0,-0.0025000000000000577,-0.002666666666666706,-0.0025000000000000577,0.0006666666666665932,0.0,-0.0020000000000000018,-0.0006666666666667043,24898
0.0006666666666667043,0.00016666666666675933,0.00016666666666675933,0.0,0.000500000000000056,0.0020000000000000018,0.0010000000000000009,0.0020000000000000018,35065
0.0,0.0,0.0,0.0001666666666666483,0.0006666666666667043,0.0013333333333334085,0.000500000000000056,0.0011666666666666492,17840
0.0,-0.0001666666666666483,0.0,0.0003333333333332966,0.0006666666666667043,0.0015000000000000568,0.0,0.0015000000000000568,16287
0.0,0.0,0.0,0.0,-0.0001666666666666483,0.0010000000000000009,0.000500000000000056,0.0020000000000000018,23121
0.0003333333333332966,0.0,0.0,0.0003333333333332966,0.0004999999999999449,0.0014999999999999458,0.0010000000000000009,0.0010000000000000009,3146
0.0,0.0,0.0,0.0010000000000000009,0.0006666666666667043,0.0015000000000000568,0.0006666666666667043,0.0016666666666667052,18217
0.0,-0.0001666666666666483,0.0,0.0,0.0006666666666667043,0.0015000000000000568,0.0006666666666667043,0.0018333333333333535,28403
0.0,-0.0008333333333333526,0.0,0.0,0.0006666666666667043,0.0008333333333333526,0.0,0.000500000000000056,8106
0.0,0.0003333333333332966,0.0003333333333332966,0.0,0.0006666666666665932,0.0010000000000000009,0.0,0.0008333333333333526,13622
0.0,0.0,0.0,0.0004999999999999449,0.0006666666666667043,0.0016666666666667052,0.0008333333333333526,0.0018333333333333535,26921
0.0,-0.0008333333333333526,0.0,0.0,0.0006666666666667043,0.0001666666666666483,0.0,0.0011666666666666492,28711
0.0008333333333333526,0.0,0.00033333333333340764,0.0,0.000500000000000056,0.0020000000000000018,0.0011666666666666492,0.00216666666666665,22229
0.0,0.0,0.0,0.0,0.0006666666666667043,0.0015000000000000568,0.0008333333333333526,0.0015000000000000568,29771
0.0004999999999999449,0.0001666666666666483,0.0,0.0,0.0004999999999999449,0.0014999999999999458,0.0010000000000000009,0.0020000000000000018,3975
0.0,-0.000500000000000056,0.0,0.0011666666666666492,0.0006666666666667043,0.0020000000000000018,0.0,0.0008333333333333526,9663
0.0006666666666665932,0.0,0.0001666666666666483,0.0,0.0004999999999999449,0.00216666666666665,0.0008333333333332416,0.0014999999999999458,4456
0.0,-0.0025000000000000577,-0.0025000000000000577,-0.0025000000000000577,0.0006666666666665932,0.0,-0.0020000000000000018,-0.0006666666666667043,14695
0.0,-0.0008333333333333526,0.0,0.0,0.0006666666666667043,0.0001666666666666483,0.0,0.0011666666666666492,38953
0.0006666666666667043,-0.0008333333333332416,0.00016666666666675933,0.0,0.000500000000000056,0.0013333333333334085,0.0,0.0006666666666667043,5085
0.0,-0.0001666666666666483,0.0,0.0,0.0006666666666667043,0.0010000000000000009,0.0006666666666667043,0.0018333333333333535,26482
0.0,0.0003333333333332966,0.0003333333333332966,0.0,0.0006666666666665932,0.0004999999999999449,0.0,0.0011666666666666492,13642
0.0,-0.0001666666666666483,0.0,0.0003333333333332966,0.0006666666666667043,0.0010000000000000009,0.0,0.0015000000000000568,25953
0.0,-0.0001666666666666483,0.0,0.0003333333333332966,0.0006666666666667043,0.0015000000000000568,0.0,0.0015000000000000568,8239
0.0004999999999999449,0.0,0.0,0.0,0.0004999999999999449,0.0016666666666665941,0.0008333333333333526,0.0018333333333333535,30802
0.000500000000000056,0.0008333333333333526,-0.0020000000000000018,-0.0016666666666665941,0.000500000000000056,0.0,0.000500000000000056,-0.0006666666666665932,9266
0.0,-0.002666666666666706,-0.002666666666666706,-0.0018333333333333535,0.0006666666666667043,0.0,-0.0020000000000000018,-0.0011666666666666492,39801
-0.0020000000000000018,-0.0025000000000000577,-0.0018333333333333535,-0.0015000000000000568,0.0004999999999999449,0.0,0.0,-0.0015000000000000568,9600
0.0,-0.00016666666666675933,0.0001666666666666483,0.0001666666666666483,0.0004999999999999449,0.0014999999999999458,0.0010000000000000009,0.0018333333333332424,30656
0.0004999999999999449,0.0,0.0,0.0,0.0004999999999999449,0.0020000000000000018,0.0008333333333333526,0.0018333333333333535,3357
0.0,0.0,-0.0001666666666666483,0.0001666666666666483,0.0006666666666667043,0.0015000000000000568,0.000500000000000056,0.0015000000000000568,13280
0.0,-0.0016666666666667052,-0.0020000000000000018,-0.0025000000000000577,0.0006666666666667043,0.0,-0.0001666666666666483,-0.0006666666666667043,20114
0.0004999999999999449,0.0,0.0,0.0,0.0004999999999999449,0.0020000000000000018,0.0008333333333333526,0.0018333333333333535,20775
0.0,0.0004999999999999449,0.0,0.0011666666666666492,0.0006666666666667043,0.002666666666666706,0.0003333333333332966,0.0018333333333333535,31856
0.0,-0.0016666666666667052,-0.002166666666666761,-0.002166666666666761,0.0006666666666665932,0.0,-0.0018333333333333535,-0.0008333333333333526,33514
0.0,0.0001666666666666483,0.0,0.0,0.0006666666666667043,0.0013333333333332975,0.0010000000000000009,0.00216666666666665,31483
0.0,0.0,0.0,0.0,0.0006666666666667043,0.0015000000000000568,0.0008333333333333526,0.0011666666666666492,40292
0.0,-0.0025000000000000577,-0.002666666666666706,-0.0016666666666667052,0.0006666666666665932,0.0,-0.0020000000000000018,-0.0006666666666667043,38589
0.0001666666666666483,0.0008333333333332416,-0.0025000000000000577,-0.002166666666666761,0.0004999999999999449,0.0,0.0003333333333332966,-0.000500000000000056,4580
0.0,0.0,-0.00033333333333340764,-0.000500000000000056,0.0004999999999999449,0.0010000000000000009,0.0,0.0010000000000000009,10252
0.0,0.0,0.00016666666666675933,-0.0008333333333332416,0.0006666666666667043,0.0015000000000000568,0.0,0.0011666666666667602,12137
0.000500000000000056,0.0011666666666666492,-0.0013333333333332975,-0.0016666666666667052,0.000500000000000056,0.0,0.000500000000000056,-0.0003333333333332966,1201
0.0,-0.0008333333333333526,0.0,0.0,0.0006666666666667043,0.0006666666666667043,0.0,0.0011666666666666492,26051
0.0,-0.0008333333333333526,0.0,0.0,0.0006666666666667043,0.0003333333333332966,0.0,0.0003333333333332966,29738
0.0006666666666665932,-0.0001666666666666483,0.0001666666666666483,0.0,0.0004999999999999449,0.00216666666666665,0.0003333333333332966,0.0016666666666665941,1276
0.0,-0.002666666666666706,-0.002666666666666706,-0.002666666666666706,0.0006666666666667043,0.0,-0.0020000000000000018,-0.0011666666666666492,15030
0.0,-0.0008333333333333526,0.0,0.0,0.0006666666666667043,0.0003333333333332966,0.0,0.000500000000000056,26389
0.0,0.0,0.00016666666666675933,-0.0008333333333332416,0.0006666666666667043,0.0015000000000000568,0.0,0.0011666666666667602,17211
0.0006666666666665932,0.0,0.0001666666666666483,0.0,0.0004999999999999449,0.0023333333333332984,0.0008333333333332416,0.0014999999999999458,38426
0.0,0.0,0.0,0.0006666666666667043,0.0006666666666667043,0.0010000000000000009,0.0,0.0013333333333334085,17953
0.0,0.0,-0.0001666666666666483,0.0001666666666666483,0.0006666666666667043,0.0015000000000000568,0.000500000000000056,0.0015000000000000568,12657
0.0,0.0004999999999999449,0.0,0.0003333333333332966,0.0006666666666667043,0.0014999999999999458,0.0,0.0016666666666667052,19637
0.0,-0.0015000000000000568,-0.0020000000000000018,-0.0015000000000000568,0.0006666666666665932,0.0,-0.0018333333333333535,-0.000500000000000056,18909
0.0,0.0008333333333333526,0.0004999999999999449,0.0003333333333332966,0.0004999999999999449,0.0018333333333333535,0.0,0.0018333333333333535,16691
-0.0001666666666666483,-0.0016666666666667052,-0.0028333333333333544,-0.0024999999999999467,0.000500000000000056,0.0,0.0,-0.0010000000000000009,5665
-0.0001666666666666483,0.0,0.0,-0.0006666666666665932,0.000500000000000056,0.0008333333333333526,0.000500000000000056,0.0011666666666667602,19097
0.0,0.0,0.0,0.0008333333333333526,0.0006666666666667043,0.0023333333333334094,0.0013333333333334085,0.0020000000000000018,29272
0.0,-0.0008333333333333526,0.0,0.0,0.0006666666666667043,0.0001666666666666483,0.0,0.0008333333333333526,9571
0.0,0.0,0.0,0.0004999999999999449,0.0006666666666667043,0.0016666666666667052,0.0008333333333333526,0.0018333333333333535,17696
0.0,0.0,0.00016666666666675933,0.00016666666666675933,0.000500000000000056,0.0018333333333333535,0.000500000000000056,0.0020000000000000018,32439
0.0,-0.00016666666666675933,0.0,0.0008333333333332416,0.0006666666666665932,0.0020000000000000018,0.0004999999999999449,0.0018333333333332424,28989
0.0,0.0004999999999999449,0.0,0.0008333333333332416,0.0006666666666665932,0.0020000000000000018,0.0001666666666666483,0.0014999999999999458,16436
-0.0001666666666666483,0.0,0.0,-0.0003333333333332966,0.000500000000000056,0.0011666666666666492,0.0008333333333333526,0.0018333333333333535,1895
0.0,-0.0013333333333334085,-0.0025000000000000577,-0.0025000000000000577,0.0004999999999999449,0.0,0.0,-0.0006666666666667043,35428
0.0,-0.000500000000000056,0.0,0.0011666666666666492,0.0006666666666667043,0.0018333333333333535,0.0,0.0018333333333333535,37961
0.0,0.0,0.0,0.0010000000000000009,0.0006666666666667043,0.0016666666666667052,0.0006666666666667043,0.0016666666666667052,28471
0.0008333333333333526,0.0,0.000500000000000056,0.0,0.000500000000000056,0.0018333333333333535,0.0011666666666666492,0.00216666666666665,24527
-0.0001666666666666483,0.0004999999999999449,0.0,0.0008333333333333526,0.0004999999999999449,0.0014999999999999458,0.0,0.0011666666666666492,189
0.0,-0.0008333333333333526,0.0,0.0,0.0006666666666667043,0.0008333333333333526,0.0,0.0011666666666666492,28307
0.0004999999999999449,0.0,0.0,0.0,0.0004999999999999449,0.0014999999999999458,0.0008333333333333526,0.0018333333333333535,30958
0.000500000000000056,0.0011666666666666492,-0.0013333333333332975,-0.0016666666666667052,0.000500000000000056,0.0,0.000500000000000056,0.0,1924
0.0,0.0,0.0,0.0,-0.0001666666666666483,0.0010000000000000009,0.000500000000000056,0.0020000000000000018,34155
0.0,-0.0001666666666666483,0.0,0.0,0.0006666666666667043,0.0015000000000000568,0.0006666666666667043,0.0018333333333333535,8011
0.0,0.0004999999999999449,0.0001666666666666483,0.0004999999999999449,0.0004999999999999449,0.00216666666666665,0.0003333333333332966,0.0018333333333333535,30240
0.0,0.0004999999999999449,0.0,0.0014999999999999458,0.0006666666666667043,0.002666666666666706,0.0006666666666667043,0.0018333333333333535,8968
0.0,-0.0001666666666666483,0.0,0.0,0.0006666666666667043,0.0010000000000000009,0.00033333333333340764,0.0010000000000000009,14188
0.0004999999999999449,-0.0008333333333333526,0.0,0.0,0.0004999999999999449,0.0010000000000000009,0.0,0.0,4853
0.000500000000000056,0.0011666666666666492,-0.0013333333333332975,-0.0013333333333332975,0.000500000000000056,0.0,0.000500000000000056,-0.0003333333333332966,8761
0.0,0.0004999999999999449,0.0001666666666666483,0.0,0.0004999999999999449,0.0013333333333332975,-0.000500000000000056,0.0013333333333332975,156
0.0,-0.0001666666666666483,0.0,0.0,0.0006666666666667043,0.0015000000000000568,0.00033333333333340764,0.0010000000000000009,32204
0.0,0.0004999999999999449,0.0001666666666666483,0.0008333333333333526,0.0004999999999999449,0.00216666666666665,0.0003333333333332966,0.0018333333333333535,7686
0.0,-0.0023333333333334094,-0.002666666666666706,-0.0023333333333334094,0.0006666666666665932,0.0,-0.0020000000000000018,-0.0010000000000000009,34980
0.0,0.0,0.0,0.0,0.0006666666666667043,0.0016666666666667052,0.0008333333333333526,0.0020000000000000018,23746
0.0,-0.0015000000000000568,-0.0020000000000000018,-0.0011666666666667602,0.0006666666666665932,0.0,-0.0018333333333333535,-0.000500000000000056,16427
0.0,0.0,0.0,0.0,0.0006666666666667043,0.0016666666666667052,0.0008333333333333526,0.0020000000000000018,29505
0.0004999999999999449,-0.0008333333333333526,0.0,0.0,0.0004999999999999449,0.0011666666666666492,0.0,-0.00016666666666675933,5505
-0.0001666666666666483,-0.0004999999999999449,0.0,0.000500000000000056,0.000500000000000056,0.0020000000000000018,0.0,0.0008333333333333526,638
0.0,-0.0025000000000000577,-0.0025000000000000577,-0.00216666666666665,0.0004999999999999449,0.0,0.0001666666666666483,-0.0011666666666666492,2250
0.0,0.0,0.00016666666666675933,0.0,0.000500000000000056,0.0013333333333334085,0.0,0.0011666666666667602,19472
0.0,-0.000500000000000056,0.0001666666666666483,0.0004999999999999449,0.0004999999999999449,0.0020000000000000018,0.0,0.0016666666666667052,10717
0.0,0.0013333333333334085,0.000500000000000056,0.0008333333333333526,0.000500000000000056,0.0023333333333334094,0.0,0.0011666666666666492,10087
-0.0001666666666666483,-0.0001666666666666483,0.0,0.0001666666666666483,0.0004999999999999449,0.0013333333333332975,0.0011666666666666492,0.0018333333333333535,32479
0.0,0.0,0.0,0.0004999999999999449,0.0006666666666667043,0.0011666666666666492,0.0008333333333333526,0.0018333333333333535,22682
0.0,-0.0008333333333333526,0.0,0.0,0.0006666666666667043,0.0003333333333332966,0.0,0.0011666666666666492,7892
0.0,0.0,0.0,0.0006666666666667043,0.0006666666666667043,0.0015000000000000568,0.0,0.0011666666666667602,19754
0.0,0.0,0.00016666666666675933,0.0,0.000500000000000056,0.0013333333333334085,0.0,0.0011666666666667602,2072
0.0,0.0,0.0,0.0,0.0006666666666667043,0.0015000000000000568,0.0008333333333333526,0.0020000000000000018,29879
0.0,0.0,0.0,0.0004999999999999449,0.0006666666666667043,0.0011666666666666492,0.0008333333333333526,0.0018333333333333535,27390
-0.00016666666666675933,0.0,0.0,0.0001666666666666483,0.0004999999999999449,0.0016666666666665941,0.0013333333333332975,0.0020000000000000018,30663
-0.0001666666666666483,0.0004999999999999449,0.0,0.0001666666666666483,0.0004999999999999449,0.0013333333333332975,0.0001666666666666483,0.0014999999999999458,1533
0.0008333333333333526,0.0,0.00033333333333340764,0.0,0.000500000000000056,0.0020000000000000018,0.0011666666666666492,0.00216666666666665,24523
0.0,-0.0001666666666666483,0.0,0.0,0.0001666666666666483,0.0011666666666666492,0.0006666666666667043,0.0016666666666667052,2580
-0.0013333333333332975,0.0010000000000000009,-0.0011666666666666492,-0.0016666666666665941,0.000500000000000056,0.0,-0.0008333333333333526,0.0001666666666666483,30405
0.0,0.0,0.0,0.0001666666666666483,0.0006666666666667043,0.0013333333333334085,0.00033333333333340764,0.0011666666666666492,11847
0.0006666666666667043,0.0003333333333332966,0.000500000000000056,0.0,0.000500000000000056,0.0020000000000000018,0.0,-0.0001666666666666483,10146
0.0,-0.0016666666666667052,-0.0020000000000000018,-0.0018333333333333535,0.0006666666666665932,0.0,-0.0018333333333333535,-0.0008333333333333526,8923
-0.000500000000000056,-0.0008333333333333526,0.0,0.0,-0.00016666666666675933,0.0006666666666665932,0.0,0.0010000000000000009,3293
0.0,0.0,-0.000500000000000056,0.0001666666666666483,0.0006666666666665932,0.0011666666666666492,0.0,0.0010000000000000009,11922
0.0,0.0004999999999999449,0.0,0.0003333333333332966,0.0006666666666667043,0.0020000000000000018,0.0,0.0016666666666667052,19654
0.0,0.0001666666666666483,0.0,0.0006666666666667043,0.0006666666666667043,0.002666666666666706,0.0008333333333333526,0.0016666666666667052,10021
0.0,-0.0008333333333333526,0.0,0.0,0.0006666666666667043,0.0010000000000000009,0.0,0.000500000000000056,28324
0.0,0.0,0.0,0.0,0.0006666666666667043,0.0011666666666666492,0.0008333333333333526,0.0011666666666666492,30168
0.0,-0.0013333333333334085,-0.0025000000000000577,-0.0025000000000000577,0.0004999999999999449,0.0,0.0,-0.0006666666666667043,36751
0.000500000000000056,0.0008333333333333526,-0.0020000000000000018,-0.0018333333333333535,0.000500000000000056,0.0,0.000500000000000056,-0.0004999999999999449,35960
0.0,0.0,0.0,0.0001666666666666483,0.0006666666666667043,0.0013333333333332975,0.0006666666666667043,0.0016666666666667052,18113
-0.0001666666666666483,-0.0004999999999999449,0.0,0.000500000000000056,0.000500000000000056,0.0011666666666666492,0.0,0.0018333333333333535,37525
0.0,-0.000500000000000056,0.0,0.0011666666666666492,0.0006666666666667043,0.0018333333333333535,0.0,0.0018333333333333535,37878
0.000500000000000056,0.0011666666666666492,-0.0013333333333332975,-0.0013333333333332975,0.000500000000000056,0.0,0.000500000000000056,0.0,15880
0.0,0.0001666666666666483,0.0,0.0,0.0006666666666667043,0.0013333333333332975,0.0010000000000000009,0.00216666666666665,33313
0.0006666666666667043,-0.0008333333333332416,0.00016666666666675933,0.0,0.000500000000000056,0.0013333333333334085,0.0,0.0006666666666667043,832
0.0004999999999999449,0.0,0.0,0.0,0.0004999999999999449,0.0020000000000000018,0.0008333333333333526,0.0018333333333333535,20877
-0.0001666666666666483,0.0004999999999999449,0.0,0.0,0.0004999999999999449,0.0011666666666666492,-0.0001666666666666483,0.0013333333333332975,204
0.0,0.0004999999999999449,0.0001666666666666483,0.0004999999999999449,0.0004999999999999449,0.00216666666666665,0.0003333333333332966,0.0018333333333333535,31014
-0.0001666666666666483,0.0004999999999999449,0.0,0.0,0.0004999999999999449,0.0011666666666666492,0.0003333333333332966,0.0013333333333332975,15374
0.0,0.0,0.0,0.0003333333333332966,0.0006666666666667043,0.0018333333333333535,0.0008333333333333526,0.0018333333333333535,27812
0.0004999999999999449,-0.0001666666666666483,0.0,0.0,0.0004999999999999449,0.0020000000000000018,0.0006666666666667043,0.0016666666666667052,3316
0.0,0.0001666666666666483,0.0,0.0,0.0006666666666667043,0.0018333333333333535,0.0010000000000000009,0.00216666666666665,12827
-0.0018333333333333535,-0.0013333333333334085,-0.0016666666666667052,-0.00216666666666665,0.0004999999999999449,0.0,0.0,-0.0001666666666666483,22920
0.0,0.0,0.0,0.00033333333333340764,0.0006666666666667043,0.0023333333333334094,0.0006666666666667043,0.002166666666666761,39977
0.0,0.0001666666666666483,0.0001666666666666483,0.0,0.0006666666666667043,0.0016666666666667052,0.000500000000000056,0.0016666666666667052,12411
0.0,-0.0016666666666667052,-0.0020000000000000018,-0.0023333333333334094,0.0006666666666665932,0.0,0.0,-0.000500000000000056,19321
0.0,0.0,0.0,0.0,0.0006666666666667043,0.0016666666666667052,0.0008333333333333526,0.0020000000000000018,35147
0.0,-0.0001666666666666483,0.0,0.0,-0.0001666666666666483,0.0011666666666667602,0.00033333333333340764,0.0018333333333333535,24302
0.0001666666666666483,0.0,0.0,0.0006666666666667043,0.0004999999999999449,0.0013333333333332975,0.0,0.0004999999999999449,5446
0.0001666666666666483,-0.0013333333333334085,-0.0016666666666667052,-0.0025000000000000577,0.0004999999999999449,0.0,0.0,-0.0006666666666667043,15403
-0.0001666666666666483,0.0,0.0,-0.0004999999999999449,0.000500000000000056,0.0010000000000000009,0.000500000000000056,0.0011666666666667602,18798
-0.0013333333333332975,0.0010000000000000009,-0.0011666666666666492,-0.0016666666666665941,0.000500000000000056,0.0,-0.0008333333333333526,0.0001666666666666483,3945
0.0,0.0,0.0,0.0,0.0006666666666667043,0.0018333333333333535,0.0010000000000000009,0.00216666666666665,36239
-0.0001666666666666483,0.00016666666666675933,0.0,0.00016666666666675933,0.000500000000000056,0.0020000000000000018,0.0006666666666667043,0.0015000000000000568,35385
0.0,0.0,0.0,0.0008333333333333526,0.0006666666666667043,0.0023333333333334094,0.000500000000000056,0.0020000000000000018,33812
-0.0001666666666666483,0.000500000000000056,0.0,0.000500000000000056,0.000500000000000056,0.0020000000000000018,0.0006666666666667043,0.0018333333333333535,3969
-0.0001666666666666483,0.0,0.0,0.00033333333333340764,0.000500000000000056,0.0013333333333334085,0.0,0.0015000000000000568,22447
0.0,0.0,0.0,0.0008333333333333526,0.0006666666666667043,0.0023333333333334094,0.000500000000000056,0.0020000000000000018,33814
-0.0001666666666666483,0.0004999999999999449,0.0,0.0,0.0004999999999999449,0.0011666666666666492,0.0003333333333332966,0.0013333333333332975,22335
0.0,0.0,0.0001666666666666483,0.0,0.0006666666666667043,0.0011666666666666492,0.0010000000000000009,0.00216666666666665,39941
0.0001666666666666483,-0.0011666666666667602,-0.0016666666666667052,-0.0020000000000000018,0.0004999999999999449,0.0,0.0,-0.000500000000000056,10222
0.0,0.0006666666666665932,0.0003333333333332966,0.0001666666666666483,0.0004999999999999449,0.0014999999999999458,0.0001666666666666483,0.0014999999999999458,22346
0.0,0.0,0.0,0.0010000000000000009,0.0006666666666667043,0.0015000000000000568,0.0006666666666667043,0.0016666666666667052,18028
-0.0001666666666666483,0.0,0.0,-0.0011666666666666492,0.000500000000000056,0.0013333333333334085,0.0,0.0010000000000000009,15357
0.0,0.0004999999999999449,0.0001666666666666483,-0.00033333333333340764,0.0004999999999999449,0.0013333333333332975,0.0,0.0013333333333332975,1974
0.0,-0.0001666666666666483,0.0,0.0,-0.0001666666666666483,0.0006666666666667043,-0.0003333333333332966,0.0018333333333333535,25214
0.0,0.0,0.0,0.0004999999999999449,0.0006666666666667043,0.0016666666666667052,0.0008333333333333526,0.0018333333333333535,27880
0.0008333333333333526,0.0,0.000500000000000056,0.0,0.000500000000000056,0.0023333333333334094,0.0011666666666666492,0.00216666666666665,1079
-0.0001666666666666483,0.0010000000000000009,0.0,0.0008333333333333526,0.000500000000000056,0.0020000000000000018,0.0006666666666667043,0.0018333333333333535,180
0.0,-0.0008333333333333526,0.0,0.0,0.0006666666666667043,0.0006666666666667043,0.0,0.000500000000000056,25989
0.0,0.0,0.0,0.0003333333333332966,0.0006666666666667043,0.0018333333333333535,0.0008333333333333526,0.0018333333333333535,27946
-0.0001666666666666483,-0.000500000000000056,-0.0006666666666667043,-0.000500000000000056,-0.0006666666666667043,0.0011666666666666492,-0.000500000000000056,0.0,10130
-0.00016666666666675933,0.0,0.0,-0.0008333333333333526,0.0004999999999999449,0.0008333333333332416,0.0,0.0013333333333332975,15472
0.000500000000000056,0.0011666666666666492,-0.0013333333333332975,-0.0013333333333332975,0.000500000000000056,0.0,0.000500000000000056,-0.0003333333333332966,797
0.0,0.0,0.0,0.0,0.0006666666666667043,0.0015000000000000568,0.0008333333333333526,0.0020000000000000018,25843
0.0008333333333332416,-0.00033333333333340764,0.0003333333333332966,0.0,0.0004999999999999449,0.0016666666666665941,0.0008333333333332416,0.0018333333333332424,21509
0.0,-0.000500000000000056,0.0,0.0011666666666666492,0.0006666666666667043,0.0020000000000000018,0.0,0.0008333333333333526,21543
0.0004999999999999449,0.0001666666666666483,0.0,0.0,0.0004999999999999449,0.0023333333333332984,0.0010000000000000009,0.0020000000000000018,4433
0.0,0.0,0.0,0.0,0.0006666666666667043,0.0016666666666667052,0.0008333333333333526,0.0020000000000000018,29387
0.0,0.0004999999999999449,0.0001666666666666483,0.0008333333333333526,0.0006666666666667043,0.002666666666666706,0.0003333333333332966,0.0018333333333333535,9030
0.0,-0.0001666666666666483,0.0,0.0,0.0006666666666667043,0.0010000000000000009,0.0006666666666667043,0.0018333333333333535,9836
0.0,-0.0001666666666666483,0.0,0.0,0.0006666666666667043,0.0010000000000000009,0.0006666666666667043,0.0018333333333333535,26477
0.0,0.0,0.0,0.0,0.0006666666666667043,0.0011666666666666492,0.0008333333333333526,0.0020000000000000018,23616
0.0008333333333333526,0.00016666666666675933,0.000500000000000056,0.0,0.000500000000000056,0.0016666666666667052,0.0006666666666667043,0.0016666666666667052,56
0.0,-0.0008333333333333526,0.0,0.0,0.0006666666666667043,0.0001666666666666483,0.0,0.0011666666666666492,9867
0.0,0.0,0.0,0.0001666666666666483,0.0006666666666667043,0.0018333333333333535,0.0006666666666667043,0.0016666666666667052,18474
0.0,0.0003333333333332966,-0.000500000000000056,0.0,0.0006666666666665932,0.0011666666666666492,0.0,0.0008333333333333526,13065
0.0,-0.0025000000000000577,-0.002666666666666706,-0.0025000000000000577,0.0006666666666665932,0.0,-0.0020000000000000018,-0.0006666666666667043,22266
0.0,0.0,0.0,0.0006666666666667043,0.0006666666666667043,0.0013333333333334085,0.0,0.0013333333333334085,19928
0.0,0.0,0.0,0.0,0.0006666666666667043,0.0011666666666666492,0.0008333333333333526,0.0020000000000000018,23530
0.0,-0.002666666666666706,-0.0025000000000000577,-0.002666666666666706,0.0006666666666667043,0.0,-0.0020000000000000018,-0.0008333333333333526,36895
-0.0001666666666666483,0.0,0.0,-0.0001666666666666483,0.000500000000000056,0.0010000000000000009,0.0008333333333333526,0.0018333333333333535,15559
0.0,0.0,0.0,0.0004999999999999449,0.0006666666666667043,0.0011666666666666492,0.0008333333333333526,0.0018333333333333535,27396
0.000500000000000056,0.0006666666666667043,-0.0020000000000000018,-0.0020000000000000018,0.000500000000000056,0.0,0.000500000000000056,-0.0003333333333332966,36259
0.0004999999999999449,0.0,0.0,0.0,0.0004999999999999449,0.00216666666666665,0.0008333333333333526,0.0018333333333333535,4385
0.000500000000000056,0.0011666666666666492,-0.0013333333333332975,-0.0016666666666667052,0.000500000000000056,0.0,0.000500000000000056,-0.0003333333333332966,13729
0.0,0.0003333333333332966,0.0003333333333332966,0.0,0.0006666666666665932,0.0010000000000000009,0.0,0.0008333333333333526,13616
0.0,0.0,0.0,0.0,0.0006666666666667043,0.0015000000000000568,0.0008333333333333526,0.0020000000000000018,28163
-0.0001666666666666483,0.0004999999999999449,0.0,0.0,0.0004999999999999449,0.0011666666666666492,0.0003333333333332966,0.0013333333333332975,2414
0.0,-0.0001666666666666483,0.0,0.0,-0.0001666666666666483,0.0006666666666667043,0.00033333333333340764,0.0018333333333333535,34333
0.0006666666666665932,-0.0001666666666666483,0.0001666666666666483,0.0,0.0004999999999999449,0.00216666666666665,0.0003333333333332966,0.0016666666666665941,21685
0.0,0.0,0.0,0.0,0.0006666666666667043,0.0011666666666666492,0.0008333333333333526,0.0013333333333334085,36541
0.0,0.0,0.00016666666666675933,0.00016666666666675933,0.000500000000000056,0.0023333333333334094,0.000500000000000056,0.0020000000000000018,3826
0.0,0.0004999999999999449,0.0001666666666666483,0.0004999999999999449,0.0004999999999999449,0.00216666666666665,0.0008333333333333526,0.0018333333333333535,2358
-0.0001666666666666483,-0.0004999999999999449,0.0,-0.0003333333333332966,0.000500000000000056,0.0018333333333333535,0.0,0.0008333333333333526,24650
0.0,0.0,0.0,0.0,0.0006666666666667043,0.0016666666666667052,0.0008333333333333526,0.0011666666666666492,30158
0.0,0.0,0.0,0.0,0.0006666666666667043,0.0016666666666667052,0.0008333333333333526,0.0013333333333334085,36530
